flight_number,airline_name,pilot_name,departure_airport,departure_city,departure_country,departure_time,arrival_airport,arrival_city,arrival_country,duration_hours,date
LH7923,Lufthansa,Melisent,Frankfurt Airport,Yegorlykskaya,Russia,6:44 AM,Bole International,Vysotsk,Russia,7.58,10/10/2025
EK1431,Emirates,Appolonia,Dubai International,Al Ma‘allā’,Yemen,7:20 PM,Hamad International,Barong,Philippines,23.39,6/20/2025
AA1405,American Airlines,Hailey,John F. Kennedy International,Adigeni,Georgia,4:25 AM,Hartsfield-Jackson Atlanta,Sumurgeneng,Indonesia,6.43,12/29/2025
DL1491,Delta Air Lines,Cole,John F. Kennedy International,Lorient,France,3:08 AM,Hartsfield-Jackson Atlanta,General Alvear,Argentina,5.93,12/11/2025
CX5812,Cathay Pacific,Adriana,Hong Kong International,Shënmëri,Albania,1:04 PM,Beijing Capital International,Tarnawatka,Poland,15.9,4/13/2026
AI6865,Air India,Ranique,Indira Gandhi International,Wudui,China,5:05 PM,Dubai International,Balbagay,China,16.06,7/1/2025
TG2523,Thai Airways,Nichole,Suvarnabhumi,Nusajaya,Malaysia,9:53 AM,Changi,Villanueva,Colombia,6.98,8/2/2025
KL7317,KLM Royal Dutch Airlines,Nadeen,Amsterdam Airport Schiphol,Xingshou,China,8:07 AM,Charles de Gaulle,Vargem Grande do Sul,Brazil,5.21,4/14/2026
QF5020,Qantas,Cammy,Sydney Airport,Kastornoye,Russia,1:19 PM,Melbourne Airport,Buje,Croatia,14.89,10/24/2025
NH4645,All Nippon Airways,Holly-anne,Haneda,Tiên Phước,Vietnam,8:31 PM,Jomo Kenyatta International,Depok,Indonesia,19.81,5/28/2025
TG8211,Thai Airways,Godfree,Suvarnabhumi,Urjala,Finland,3:35 AM,Changi,Yitang,China,20.09,10/8/2025
BA8083,British Airways,Maurise,Heathrow,Kaset Wisai,Thailand,2:31 AM,Adolfo Suárez Madrid–Barajas,Coaldale,Canada,13.2,10/28/2025
AA7447,American Airlines,Eudora,John F. Kennedy International,Waterloo,Sierra Leone,2:58 PM,Hartsfield-Jackson Atlanta,Foča,Bosnia and Herzegovina,19.01,2/2/2026
QF2150,Qantas,Inez,Sydney Airport,Mahdishahr,Iran,5:21 PM,Melbourne Airport,Sioah,Indonesia,15.33,10/15/2025
AF4079,Air France,Osbourn,Charles de Gaulle,Saransk,Russia,6:24 PM,Amsterdam Airport Schiphol,Morelos,Mexico,16.56,7/13/2025
AC5159,Air Canada,Joachim,Toronto Pearson,Kecskemét,Hungary,5:16 PM,John F. Kennedy International,Longshi,China,4.52,1/27/2026
AV5663,Avianca,Zackariah,El Dorado International,San Miguel,Philippines,4:36 PM,O'Hare International,Columbus,United States,11.58,8/1/2025
SQ5245,Singapore Airlines,Nathalie,Changi,Fovissste,Mexico,4:57 AM,Beijing Capital International,Kuala Terengganu,Malaysia,21.78,7/9/2025
KL7081,KLM Royal Dutch Airlines,Brooks,Amsterdam Airport Schiphol,Kibingo,Uganda,8:19 AM,Charles de Gaulle,Itagibá,Brazil,7.59,4/16/2026
IB5771,Iberia,Daphene,Adolfo Suárez Madrid–Barajas,Koíla,Greece,8:52 PM,Charles de Gaulle,Potongan,Indonesia,18.13,7/10/2025
EK9741,Emirates,Valentine,Dubai International,Tocopilla,Chile,10:21 AM,Hamad International,Güines,Cuba,16.23,1/26/2026
TG1932,Thai Airways,Hadria,Suvarnabhumi,Galubakul,Indonesia,9:08 PM,Beijing Capital International,Hoktember,Armenia,15.12,11/2/2025
SA4783,South African Airways,Liam,O.R. Tambo International,Bethlehem,South Africa,2:34 AM,Frankfurt Airport,Ōami,Japan,12.46,10/13/2025
AV4300,Avianca,Christiano,El Dorado International,Prnjavor,Serbia,9:42 PM,O'Hare International,Minzheng,China,21.37,7/22/2025
DL6952,Delta Air Lines,Erda,John F. Kennedy International,Zhetang,China,9:24 PM,Hartsfield-Jackson Atlanta,Chistopol’,Russia,7.25,7/5/2025
IB2768,Iberia,Zach,Adolfo Suárez Madrid–Barajas,Nanam,North Korea,9:30 PM,Charles de Gaulle,Budapest,Hungary,7.39,1/11/2026
AZ7831,Alitalia,Leela,Leonardo da Vinci International,Usa River,Tanzania,9:44 PM,Charles de Gaulle,Vryburg,South Africa,4.91,11/22/2025
AI6015,Air India,Freddie,Indira Gandhi International,Intipucá,El Salvador,12:30 AM,Dubai International,Lugar Novo,Portugal,15.62,5/16/2025
AC5567,Air Canada,Garret,Toronto Pearson,San Ramón,Uruguay,10:46 AM,John F. Kennedy International,Dalam,Indonesia,1.42,9/13/2025
NH7554,All Nippon Airways,Mallissa,Haneda,Iguape,Brazil,3:50 AM,Incheon International,Vyshchetarasivka,Ukraine,5.76,1/17/2026
AV5645,Avianca,Dore,El Dorado International,Klana,Croatia,12:06 PM,O'Hare International,Paccho,Peru,21.16,7/10/2025
AV9484,Avianca,Gael,El Dorado International,Tsákoi,Greece,7:26 AM,O'Hare International,Chengzihe,China,20.29,11/17/2025
SA9164,South African Airways,Fifi,O.R. Tambo International,Alcanena,Portugal,5:06 PM,Charles de Gaulle,Tilburg,Netherlands,6.04,10/26/2025
CX8815,Cathay Pacific,Reade,Hong Kong International,Uchaly,Russia,11:32 PM,Vancouver International,Zaklików,Poland,22.9,11/13/2025
AC3806,Air Canada,Bess,Toronto Pearson,Panambi,Brazil,5:40 AM,Hartsfield-Jackson Atlanta,Gornji Grad,Slovenia,19.52,7/3/2025
EK3102,Emirates,Brina,Dubai International,Wichit,Thailand,2:22 AM,Hamad International,Werbkowice,Poland,14.33,1/31/2026
AM6577,Aeroméxico,Teena,Benito Juárez International,Anao,Philippines,6:20 AM,O'Hare International,Habry,Czech Republic,5.66,5/10/2025
QR3330,Qatar Airways,Karita,Hamad International,Kalatongke,China,3:14 AM,Brisbane Airport,Sao Hai,Thailand,11.56,5/24/2025
QF8737,Qantas,Kristin,Sydney Airport,Al Ḩawātah,Sudan,9:18 PM,Melbourne Airport,Luoyang,China,16.52,5/18/2025
QF1621,Qantas,Addie,Sydney Airport,Vřesina,Czech Republic,12:08 PM,Brisbane Airport,Kaca,Indonesia,23.93,10/24/2025
EK5250,Emirates,Jesus,Dubai International,Kayasula,Russia,7:47 PM,Hamad International,Portumna,Ireland,2.45,1/17/2026
LA7277,LATAM Airlines,Gustavus,São Paulo/Guarulhos International,Talnakh,Russia,11:05 PM,Amsterdam Airport Schiphol,Wanjia,China,16.54,9/10/2025
AC5450,Air Canada,Base,Toronto Pearson,Yilan,Taiwan,6:48 AM,Suvarnabhumi,Lille,France,5.52,5/5/2025
DL3021,Delta Air Lines,Elora,John F. Kennedy International,Myanaung,Myanmar,2:59 AM,Hartsfield-Jackson Atlanta,Ugljevik,Bosnia and Herzegovina,17.66,10/13/2025
AF4149,Air France,Zora,Charles de Gaulle,Kasserine,Tunisia,2:09 AM,Frankfurt Airport,Itaituba,Brazil,23.4,3/11/2026
AZ7909,Alitalia,Marshal,Leonardo da Vinci International,Edsbyn,Sweden,10:53 PM,Charles de Gaulle,Shangwuzhuang,China,7.2,4/1/2026
AI6535,Air India,Sallyanne,Indira Gandhi International,Yanglinqiao,China,1:00 PM,Chhatrapati Shivaji International,Capandanan,Philippines,21.48,1/31/2026
EK6878,Emirates,Selie,Dubai International,Beitou,China,6:50 PM,Hamad International,San Pedro,Mexico,17.15,3/25/2026
WN2733,Southwest Airlines,Caspar,Los Angeles International,Canalete,Colombia,2:18 AM,San Francisco International,Białobrzegi,Poland,14.84,11/17/2025
KE3828,Korean Air,Shirleen,Incheon International,Xinyi,China,5:55 AM,Haneda,Kanoni,Uganda,3.96,9/5/2025
AC7951,Air Canada,Vergil,Toronto Pearson,Sobreira,Portugal,4:03 PM,John F. Kennedy International,Čelinac,Bosnia and Herzegovina,19.41,2/16/2026
QF2974,Qantas,Evelin,Sydney Airport,Ust’-Ilimsk,Russia,8:04 AM,Melbourne Airport,Schellenberg,Liechtenstein,5.06,9/7/2025
NZ1569,Air New Zealand,Francesco,Auckland Airport,Wanghu,China,12:06 PM,Sydney Airport,Krajan Selatan,Indonesia,13.56,6/13/2025
DL6459,Delta Air Lines,Christalle,John F. Kennedy International,Alistráti,Greece,10:51 AM,Logan International,Gora,Nigeria,9.68,6/11/2025
LH7664,Lufthansa,Theo,Frankfurt Airport,Jalinan,Indonesia,11:07 PM,Charles de Gaulle,Dadukou,China,10.43,5/30/2025
ET1457,Ethiopian Airlines,Alethea,Bole International,El Paso,United States,2:42 PM,Hamad International,Ruda Maleniecka,Poland,3.74,10/15/2025
SQ2554,Singapore Airlines,Ingrid,Changi,Baiyang,China,3:37 AM,Haneda,Baryshevo,Russia,10.48,6/26/2025
SQ9484,Singapore Airlines,Caty,Changi,Pu’er,China,5:52 AM,Beijing Capital International,Meixi,China,22.79,11/19/2025
KL6524,KLM Royal Dutch Airlines,Kingsley,Amsterdam Airport Schiphol,Villa General Belgrano,Argentina,1:24 PM,Cape Town International,Ban Bang Kadi Pathum Thani,Thailand,3.97,2/28/2026
AI4273,Air India,Brice,Indira Gandhi International,Pasco,Argentina,9:01 AM,Chhatrapati Shivaji International,Sarrazola,Portugal,4.51,3/6/2026
NZ1432,Air New Zealand,Lyndsie,Auckland Airport,Piribebuy,Paraguay,10:50 AM,Sydney Airport,Ostashkov,Russia,12.67,8/24/2025
LA9647,LATAM Airlines,Bethany,São Paulo/Guarulhos International,Breia,Portugal,5:59 PM,Cape Town International,Ariquemes,Brazil,9.2,12/8/2025
LH1304,Lufthansa,Vinson,Frankfurt Airport,Železnice,Czech Republic,8:59 AM,Charles de Gaulle,Gaoyi,China,4.39,2/11/2026
KL9083,KLM Royal Dutch Airlines,Cathyleen,Amsterdam Airport Schiphol,Mambulo,Philippines,7:59 PM,Munich Airport,Tiro,Indonesia,22.94,7/31/2025
IB4654,Iberia,Kim,Adolfo Suárez Madrid–Barajas,Molde,Norway,3:26 PM,Charles de Gaulle,Francos,Portugal,5.67,6/3/2025
SQ1726,Singapore Airlines,Demott,Changi,Dingdian,China,2:46 PM,El Dorado International,Lakkha Nëvre,Russia,16.14,6/20/2025
SA7414,South African Airways,Austina,O.R. Tambo International,Linköping,Sweden,9:31 PM,Logan International,Gaomi,China,1.14,11/22/2025
NZ3899,Air New Zealand,Gianni,Auckland Airport,Sutysky,Ukraine,9:00 PM,Sydney Airport,Kapsan-ŭp,North Korea,2.39,3/6/2026
LA6064,LATAM Airlines,Ragnar,São Paulo/Guarulhos International,Kiszkowo,Poland,5:08 PM,Miami International,Hongguang,China,19.04,10/18/2025
TG7442,Thai Airways,Enos,Suvarnabhumi,Mueang Nonthaburi,Thailand,5:12 AM,Changi,Neochóri,Greece,6.43,8/30/2025
SK4886,SAS Scandinavian,Keefer,Copenhagen Airport,Walahir,Indonesia,8:12 PM,Charles de Gaulle,Jelsa,Croatia,14.64,2/13/2026
ET2639,Ethiopian Airlines,Dagny,Bole International,Ordzhonikidze,Kazakhstan,6:23 AM,Hamad International,Domampot,Philippines,2.59,6/27/2025
IB1902,Iberia,Whit,Adolfo Suárez Madrid–Barajas,Piteå,Sweden,3:11 AM,Charles de Gaulle,Södertälje,Sweden,4.52,11/11/2025
AV4715,Avianca,Johnna,El Dorado International,Kenscoff,Haiti,10:27 PM,O'Hare International,Jiangchi,China,23.44,1/22/2026
AM6592,Aeroméxico,Noami,Benito Juárez International,Khatanga,Russia,12:42 PM,O'Hare International,Korczew,Poland,23.36,6/28/2025
AI3868,Air India,Crista,Indira Gandhi International,Gulu,Uganda,5:37 PM,Chhatrapati Shivaji International,Molo,Kenya,2.15,9/7/2025
SK4443,SAS Scandinavian,Culley,Copenhagen Airport,Tsákoi,Greece,12:12 PM,Melbourne Airport,Xinjian,China,10.66,8/9/2025
AM9465,Aeroméxico,Corey,Benito Juárez International,San Isidro,Philippines,4:27 PM,O'Hare International,Tangpu,China,18.02,1/28/2026
AA3895,American Airlines,Broderick,John F. Kennedy International,Kaustinen,Finland,9:56 AM,Hartsfield-Jackson Atlanta,Askaniya Nova,Ukraine,1.32,6/29/2025
IB8240,Iberia,Chen,Adolfo Suárez Madrid–Barajas,Jāsim,Syria,1:21 PM,Charles de Gaulle,Honglu,China,9.43,2/11/2026
KE6665,Korean Air,Gabriela,Incheon International,Shah Alam,Malaysia,12:22 PM,Haneda,Manzil Bū Zalafah,Tunisia,3.3,11/30/2025
UA4288,United Airlines,Cyb,Los Angeles International,Sviblovo,Russia,7:59 AM,San Francisco International,Nangakeo,Indonesia,12.71,10/18/2025
KE4109,Korean Air,Dukey,Incheon International,Yanglinshi,China,3:23 AM,Hong Kong International,Cahuac,Peru,5.14,8/26/2025
QF7073,Qantas,Vivianne,Sydney Airport,Daxing,China,2:29 AM,Melbourne Airport,Khairpur,Pakistan,8.18,1/10/2026
AC2804,Air Canada,Tammy,Toronto Pearson,Tempursari Wetan,Indonesia,6:54 PM,Dallas/Fort Worth International,El Cantón de San Pablo,Colombia,5.44,12/26/2025
UA2209,United Airlines,Frannie,Los Angeles International,A dos Cunhados,Portugal,6:15 PM,San Francisco International,Kronoby,Finland,15.74,9/30/2025
DL9163,Delta Air Lines,Rickie,John F. Kennedy International,Mandepa Barat,Indonesia,2:38 AM,Hartsfield-Jackson Atlanta,Monte,Portugal,1.75,11/23/2025
KE4629,Korean Air,Shellie,Incheon International,Tbilisskaya,Russia,3:29 PM,Ministro Pistarini International,Al Khāniq,Yemen,1.82,4/14/2026
SA8877,South African Airways,Oates,O.R. Tambo International,Tangjiawan,China,6:41 PM,Bole International,Cholargós,Greece,9.15,2/2/2026
NH6177,All Nippon Airways,Leela,Haneda,Tupanciretã,Brazil,11:59 AM,Amsterdam Airport Schiphol,Kadupayung,Indonesia,14.26,2/17/2026
SA5940,South African Airways,Chelsey,O.R. Tambo International,Aix-en-Provence,France,7:04 AM,Charles de Gaulle,Kolape,Philippines,12.34,4/6/2026
AI7496,Air India,Chan,Indira Gandhi International,Apitong,Philippines,12:14 PM,Dubai International,Düsseldorf,Germany,19.92,1/4/2026
UA6725,United Airlines,Ranice,Los Angeles International,Masingbi,Sierra Leone,4:41 AM,San Francisco International,Cruz de Pau,Portugal,11.56,9/29/2025
CX9670,Cathay Pacific,Myer,Hong Kong International,Troyes,France,6:55 AM,Changi,Pentéli,Greece,7.67,10/26/2025
SQ7182,Singapore Airlines,Dela,Changi,Pondokrejo Wetan,Indonesia,9:40 PM,Beijing Capital International,Haquira,Peru,15.23,5/31/2025
AI5617,Air India,Stephanus,Indira Gandhi International,Zhuji,China,12:57 AM,Chhatrapati Shivaji International,Stryków,Poland,16.5,5/26/2025
WN4007,Southwest Airlines,Melonie,Los Angeles International,Vaiusu,Samoa,3:45 AM,San Francisco International,Breda,Netherlands,17.5,4/30/2025
QF4776,Qantas,Anissa,Sydney Airport,Cabra Figa,Portugal,4:05 AM,Jomo Kenyatta International,Vári,Greece,12.23,11/28/2025
WN9450,Southwest Airlines,Frazer,Los Angeles International,General Enrique Godoy,Argentina,12:38 PM,Seattle-Tacoma International,Madrid,Spain,9.36,9/27/2025
ET4228,Ethiopian Airlines,Pete,Bole International,T’ianet’i,Georgia,9:45 AM,Hamad International,Teongtoda,Indonesia,22.04,10/17/2025
UA2821,United Airlines,Husein,Los Angeles International,Oslo,Norway,9:10 PM,San Francisco International,Chishtiān Mandi,Pakistan,15.47,8/17/2025
NZ7374,Air New Zealand,Igor,Auckland Airport,Catac,Peru,4:00 PM,Sydney Airport,Huiyi,China,7.39,11/2/2025
NZ4746,Air New Zealand,Neda,Auckland Airport,Qasr Abu Hadi,Libya,6:29 AM,Sydney Airport,Hamburg,Germany,20.08,12/6/2025
LH4339,Lufthansa,Cazzie,Frankfurt Airport,Cihurip Satu,Indonesia,8:56 AM,Charles de Gaulle,Huayuan,China,4.19,4/24/2026
UA7314,United Airlines,Brigid,Los Angeles International,Jiedu,China,2:46 PM,San Francisco International,Tominian,Mali,6.01,3/5/2026
AF3443,Air France,Xylia,Charles de Gaulle,Klenak,Serbia,1:08 PM,Frankfurt Airport,El Doncello,Colombia,7.63,9/17/2025
DL2905,Delta Air Lines,Jarrett,John F. Kennedy International,Ust’-Katav,Russia,12:22 PM,Logan International,Bol’shoy Kamen’,Russia,20.18,12/3/2025
QF5776,Qantas,Jeni,Sydney Airport,Goczałkowice Zdrój,Poland,5:41 AM,Melbourne Airport,Qingjiangqiao,China,21.06,5/22/2025
NH5575,All Nippon Airways,Ferris,Haneda,Nauchnyy Gorodok,Russia,2:13 AM,Incheon International,Mirsíni,Greece,5.52,12/2/2025
UA3447,United Airlines,Derwin,Los Angeles International,Tartu,Estonia,3:03 AM,San Francisco International,Pokhara,Nepal,7.12,6/22/2025
AZ5256,Alitalia,Em,Leonardo da Vinci International,Birinci Aşıqlı,Azerbaijan,3:51 PM,O.R. Tambo International,Opatowiec,Poland,9.61,12/22/2025
SQ2818,Singapore Airlines,Dyanna,Changi,Truskavets,Ukraine,8:12 AM,Beijing Capital International,Changsha,China,8.14,10/30/2025
LA3329,LATAM Airlines,Talyah,São Paulo/Guarulhos International,Qiting,China,8:14 AM,Ministro Pistarini International,Nanuque,Brazil,5.18,12/16/2025
KL6129,KLM Royal Dutch Airlines,Othella,Amsterdam Airport Schiphol,Kristiansand S,Norway,9:04 PM,Charles de Gaulle,Sampangbitung,Indonesia,1.04,10/20/2025
AI4902,Air India,Emmalynne,Indira Gandhi International,Podebłocie,Poland,11:09 AM,Chhatrapati Shivaji International,Sosnogorsk,Russia,10.57,4/7/2026
QR1780,Qatar Airways,Babs,Hamad International,Hafrsfjord,Norway,10:30 PM,Bole International,Cilegong,Indonesia,5.6,8/10/2025
ET7092,Ethiopian Airlines,Jeniffer,Bole International,Kampungladang,Indonesia,1:05 AM,Hamad International,Subotica,Serbia,20.84,6/27/2025
SQ4857,Singapore Airlines,Livia,Changi,Revolucion,Mexico,12:33 AM,Vienna International,Al Azraq ash Shamālī,Jordan,11.25,10/7/2025
KE5573,Korean Air,Agosto,Incheon International,Podgorenskiy,Russia,7:43 AM,Haneda,Xiongji,China,2.05,4/8/2026
AZ7115,Alitalia,Gabie,Leonardo da Vinci International,Mariquita,Colombia,7:49 PM,Adolfo Suárez Madrid–Barajas,Meliau,Indonesia,22.81,2/24/2026
DL5548,Delta Air Lines,Rockwell,John F. Kennedy International,Farmington,United States,12:50 PM,Hartsfield-Jackson Atlanta,Paris 16,France,7.97,8/26/2025
WN9069,Southwest Airlines,Kally,Los Angeles International,Lewolen,Indonesia,11:27 AM,San Francisco International,Tawau,Malaysia,5.46,3/12/2026
KE2630,Korean Air,Pauly,Incheon International,Göteborg,Sweden,7:07 PM,Haneda,Phra Phrom,Thailand,14.29,4/6/2026
BA5173,British Airways,Leandra,Heathrow,Cartagena,Colombia,9:40 AM,Indira Gandhi International,Sambirejo,Indonesia,13.02,8/1/2025
KE4361,Korean Air,Darryl,Incheon International,Wattala,Sri Lanka,2:19 PM,Haneda,Boca de Uchire,Venezuela,22.44,8/12/2025
DL4369,Delta Air Lines,Carl,John F. Kennedy International,Nanqiu,China,11:38 AM,Amsterdam Airport Schiphol,Zambrów,Poland,7.41,9/13/2025
KL3341,KLM Royal Dutch Airlines,Prue,Amsterdam Airport Schiphol,Mosteiro,Portugal,10:02 PM,Adolfo Suárez Madrid–Barajas,Dukoh,Indonesia,18.43,10/21/2025
AZ2355,Alitalia,Tobias,Leonardo da Vinci International,Luján de Cuyo,Argentina,2:43 PM,Adolfo Suárez Madrid–Barajas,Anguil,Argentina,2.58,11/15/2025
KE1593,Korean Air,Mart,Incheon International,Bangued,Philippines,10:46 PM,Haneda,Berezanka,Ukraine,11.1,5/1/2025
SQ6766,Singapore Airlines,Kelcy,Changi,Guapi,Colombia,6:02 PM,Beijing Capital International,Lindavista,Mexico,14.67,4/7/2026
BA8274,British Airways,Rosette,Heathrow,Mashui,China,10:27 AM,Charles de Gaulle,Čelopek,Macedonia,5.62,6/26/2025
QR2379,Qatar Airways,Christina,Hamad International,Molinos,Argentina,2:37 AM,Amsterdam Airport Schiphol,Järfälla,Sweden,10.82,10/7/2025
EK3996,Emirates,Manda,Dubai International,Xinglongchang,China,9:12 PM,Hamad International,Loma Bonita,Mexico,9.38,1/10/2026
SK9545,SAS Scandinavian,Lani,Copenhagen Airport,Bila Tserkva,Ukraine,10:38 PM,Charles de Gaulle,Ban Na San,Thailand,21.79,8/11/2025
AV8092,Avianca,Martie,El Dorado International,Orleans,Brazil,7:19 PM,O'Hare International,Chabany,Ukraine,6.69,4/30/2025
TG8329,Thai Airways,Auguste,Suvarnabhumi,Urbiztondo,Philippines,2:56 AM,Changi,Shatian,China,12.68,9/1/2025
TG3952,Thai Airways,Kendal,Suvarnabhumi,Selishche,Russia,5:04 PM,Miami International,Kyrylivka,Ukraine,21.71,11/24/2025
SQ5883,Singapore Airlines,Woodie,Changi,Melfi,Chad,1:07 AM,Beijing Capital International,Flores da Cunha,Brazil,12.73,4/16/2026
AC6622,Air Canada,Chloris,Toronto Pearson,Tomaszów Lubelski,Poland,3:04 PM,John F. Kennedy International,Horton,United Kingdom,6.28,7/29/2025
ET2308,Ethiopian Airlines,Julianne,Bole International,Ostankinskiy,Russia,11:23 PM,Hamad International,Santa Cruz del Quiché,Guatemala,7.54,10/20/2025
AV4539,Avianca,Ulrikaumeko,El Dorado International,Xianyan,China,11:27 PM,Changi,Toledo,United States,22.86,9/19/2025
CX9545,Cathay Pacific,Geoffrey,Hong Kong International,Zaytā,Palestinian Territory,4:20 PM,Changi,Hongtu,China,5.07,10/1/2025
KE7948,Korean Air,Ashbey,Incheon International,Maki,Japan,5:06 PM,Haneda,San Miguel,Costa Rica,8.12,11/6/2025
AF9603,Air France,Chas,Charles de Gaulle,Anning,China,8:33 PM,Frankfurt Airport,Wakefield,New Zealand,21.14,9/25/2025
AF3476,Air France,Ozzy,Charles de Gaulle,Batanghari,Indonesia,9:55 AM,Leonardo da Vinci International,Yanbei,China,22.31,9/7/2025
QF1241,Qantas,Ferrell,Sydney Airport,Ruo,Micronesia,10:20 AM,Melbourne Airport,Batticaloa,Sri Lanka,14.76,10/2/2025
QR3382,Qatar Airways,Ewart,Hamad International,Kristiansund N,Norway,10:16 AM,Bole International,Albi,France,16.77,10/11/2025
KE8393,Korean Air,Scotty,Incheon International,Pitangueiras,Brazil,11:32 AM,Hong Kong International,Mirovka,Ukraine,22.33,2/4/2026
DL1739,Delta Air Lines,Dick,John F. Kennedy International,Sairam,China,12:48 PM,Hamad International,Xishan,China,13.24,6/3/2025
BA3590,British Airways,Shepard,Heathrow,Ishëm,Albania,9:19 PM,Charles de Gaulle,Dengtang,China,1.66,5/13/2025
TG2914,Thai Airways,Lou,Suvarnabhumi,Tanniu,China,11:41 AM,Arturo Merino Benítez International,Gabasumdo,China,14.01,8/17/2025
SK5443,SAS Scandinavian,Sarena,Copenhagen Airport,Bálsamo Oriental,Honduras,4:26 AM,Charles de Gaulle,Fukuechō,Japan,12.16,6/28/2025
DL5104,Delta Air Lines,Korney,John F. Kennedy International,Maddela,Philippines,11:13 AM,Hartsfield-Jackson Atlanta,Villeneuve-sur-Lot,France,19.49,11/25/2025
AF7165,Air France,Hana,Charles de Gaulle,Uiasa,Indonesia,12:29 AM,Frankfurt Airport,Marinha,Portugal,9.25,4/6/2026
WN1086,Southwest Airlines,Lurleen,Los Angeles International,Aleksandrovsk-Sakhalinskiy,Russia,9:33 AM,San Francisco International,San Jerónimo,Peru,3.47,9/29/2025
KL3207,KLM Royal Dutch Airlines,Hesther,Amsterdam Airport Schiphol,Companhia de Baixo,Portugal,8:26 AM,Vienna International,Shenjing,China,7.66,10/6/2025
AV5663,Avianca,Torry,El Dorado International,Paris 08,France,11:32 PM,O'Hare International,Quinta,Portugal,8.53,11/5/2025
NZ1420,Air New Zealand,Rochell,Auckland Airport,Nice,France,6:46 AM,Sydney Airport,Dokshytsy,Belarus,1.7,3/24/2026
KE5277,Korean Air,Carroll,Incheon International,Yihe,China,11:08 AM,Haneda,Kasongo,Democratic Republic of the Congo,13.72,9/21/2025
WN2219,Southwest Airlines,Dalenna,Los Angeles International,Yerofey Pavlovich,Russia,9:48 PM,San Francisco International,Bara Datu,Indonesia,6.96,10/11/2025
LA3470,LATAM Airlines,Inessa,São Paulo/Guarulhos International,Norfolk,United States,3:01 PM,Ministro Pistarini International,Aswan,Egypt,16.84,10/14/2025
AM9131,Aeroméxico,Jacklin,Benito Juárez International,Port Colborne,Canada,1:50 PM,O'Hare International,Nesebar,Bulgaria,9.81,7/20/2025
SQ5036,Singapore Airlines,Robin,Changi,Chervonoarmiys’k,Ukraine,7:04 AM,Beijing Capital International,Colonia Minga Porá,Paraguay,19.57,7/31/2025
AI6847,Air India,Bendix,Indira Gandhi International,Chynadiyovo,Ukraine,4:12 AM,Chhatrapati Shivaji International,Castlebridge,Ireland,11.77,1/4/2026
DL3021,Delta Air Lines,Grove,John F. Kennedy International,Puteran Kidul,Indonesia,4:50 AM,Hartsfield-Jackson Atlanta,Xingfu,China,22.16,5/6/2025
NZ9763,Air New Zealand,Keane,Auckland Airport,Ryazan’,Russia,1:20 AM,El Dorado International,Danzi,China,4.45,11/16/2025
SK3298,SAS Scandinavian,Mill,Copenhagen Airport,Ballinteer,Ireland,2:11 AM,Charles de Gaulle,Mathakola,Botswana,6.43,5/28/2025
SQ2999,Singapore Airlines,Joachim,Changi,San Antonio,United States,7:22 AM,Beijing Capital International,Łanięta,Poland,5.91,5/16/2025
WN8883,Southwest Airlines,Griffy,Los Angeles International,Huangge,China,5:18 AM,Chhatrapati Shivaji International,Morón,Argentina,20.91,3/2/2026
AI6560,Air India,Lombard,Indira Gandhi International,Mulifanua,Samoa,7:13 PM,Chhatrapati Shivaji International,Cosne-Cours-sur-Loire,France,1.92,11/27/2025
ET4570,Ethiopian Airlines,Uri,Bole International,Bajiao,China,10:55 PM,Hamad International,Khao Yoi,Thailand,15.6,3/5/2026
AA9129,American Airlines,Nada,John F. Kennedy International,"Las Vegas, Santa Barbara",Honduras,2:59 AM,Hartsfield-Jackson Atlanta,Ngluwuk,Indonesia,5.89,9/29/2025
DL7850,Delta Air Lines,Abra,John F. Kennedy International,Clermont-Ferrand,France,9:16 AM,São Paulo/Guarulhos International,Shihui,China,21.39,2/18/2026
TG8538,Thai Airways,Darb,Suvarnabhumi,Shadrinsk,Russia,4:25 PM,Changi,Ust’-Abakan,Russia,5.58,7/26/2025
AZ8084,Alitalia,Harman,Leonardo da Vinci International,Neglasari,Indonesia,5:58 AM,Charles de Gaulle,Hongxi,China,4.15,8/18/2025
CX3155,Cathay Pacific,Tallia,Hong Kong International,Velille,Peru,7:04 PM,Changi,Laascaanood,Somalia,19.83,6/9/2025
UA5582,United Airlines,Sunny,Los Angeles International,Concordia,Peru,11:29 AM,San Francisco International,Nybro,Sweden,15.1,11/4/2025
IB8118,Iberia,Maryanne,Adolfo Suárez Madrid–Barajas,Desa Margaluyu,Indonesia,1:12 AM,Charles de Gaulle,Shpola,Ukraine,16.22,9/7/2025
BA9018,British Airways,Michale,Heathrow,Eastern Suburbs Mc,Australia,8:45 AM,Charles de Gaulle,Mörön,Mongolia,19.05,5/26/2025
EK1215,Emirates,Bari,Dubai International,Cibatuireng,Indonesia,10:40 AM,Hamad International,Wang Nam Yen,Thailand,8.12,11/23/2025
LH3446,Lufthansa,Genna,Frankfurt Airport,Dongfeng,China,2:22 AM,Charles de Gaulle,Czerwonak,Poland,12.46,12/5/2025
AF2705,Air France,Roselin,Charles de Gaulle,Zalantun,China,8:41 PM,Frankfurt Airport,Jieshi,China,16.09,10/26/2025
AI4621,Air India,Vanya,Indira Gandhi International,Jianqiao,China,11:06 AM,Chhatrapati Shivaji International,Duantan,China,12.08,10/4/2025
NZ5021,Air New Zealand,Archibaldo,Auckland Airport,Garoua,Cameroon,3:27 PM,Sydney Airport,Yugang,China,4.26,1/20/2026
AZ9583,Alitalia,Val,Leonardo da Vinci International,Santa Maria,Philippines,7:27 AM,Stockholm Arlanda,Tyumen,Russia,18.56,10/26/2025
LH2743,Lufthansa,Laurice,Frankfurt Airport,Mukařov,Czech Republic,1:18 AM,Charles de Gaulle,Guaitarilla,Colombia,4.69,8/8/2025
LH5030,Lufthansa,Shalne,Frankfurt Airport,Jargalant,Mongolia,10:04 AM,Charles de Gaulle,Zhiqu,China,14.36,11/25/2025
IB4045,Iberia,Leah,Adolfo Suárez Madrid–Barajas,Ciudad Bolívar,Colombia,1:42 PM,Beijing Capital International,Ystad,Sweden,6.63,4/22/2026
DL1765,Delta Air Lines,Clerc,John F. Kennedy International,Amsterdam-Oost,Netherlands,11:00 PM,Hartsfield-Jackson Atlanta,San Isidro,Philippines,17.98,4/20/2026
AV9282,Avianca,Melania,El Dorado International,Kalipare,Indonesia,3:12 PM,Jorge Chávez International,Połajewo,Poland,5.02,11/23/2025
AM1046,Aeroméxico,Sianna,Benito Juárez International,Lengji,China,6:04 PM,O'Hare International,Santo Amador,Portugal,4.18,2/2/2026
CX1515,Cathay Pacific,Anny,Hong Kong International,Pakisrejo,Indonesia,5:28 AM,Changi,Kabasalan,Philippines,23.91,2/23/2026
NH4113,All Nippon Airways,Ginnifer,Haneda,Sijing,China,1:12 PM,Incheon International,Akbarābād,Iran,16.76,7/13/2025
AI6256,Air India,Jed,Indira Gandhi International,Loma Alta,Honduras,4:59 PM,Chhatrapati Shivaji International,Pojok,Indonesia,10.73,2/23/2026
NH4329,All Nippon Airways,Vanessa,Haneda,Sendangwaru,Indonesia,5:09 AM,Incheon International,Lianozovo,Russia,14.22,1/31/2026
WN3151,Southwest Airlines,Betteanne,Los Angeles International,Leran Wetan,Indonesia,7:47 PM,San Francisco International,Bačka Topola,Serbia,15.24,7/3/2025
AV7364,Avianca,Gabrielle,El Dorado International,Plasy,Czech Republic,6:01 PM,Hartsfield-Jackson Atlanta,Pa Tio,Thailand,23.12,2/24/2026
QR5348,Qatar Airways,Woody,Hamad International,Hujiaba,China,1:55 PM,Bole International,Magsaysay,Philippines,9.31,11/29/2025
LA9443,LATAM Airlines,Betteanne,São Paulo/Guarulhos International,San Cristobal,Cuba,5:23 PM,John F. Kennedy International,Guabito,Panama,12.96,12/20/2025
KL1948,KLM Royal Dutch Airlines,Cinnamon,Amsterdam Airport Schiphol,Pajé,Comoros,4:55 AM,Cape Town International,Bahaodi,China,7.71,5/5/2025
WN8141,Southwest Airlines,Stanford,Los Angeles International,Lhokkruet,Indonesia,10:01 PM,San Francisco International,San Antonio,Philippines,18.88,4/28/2025
SQ4035,Singapore Airlines,Nicolis,Changi,Lobuk,Indonesia,9:20 PM,Beijing Capital International,Dongxing,China,22.28,12/10/2025
NH9438,All Nippon Airways,Kitti,Haneda,Waepana,Indonesia,12:47 AM,Hong Kong International,Jablunkov,Czech Republic,15.63,9/8/2025
UA3730,United Airlines,Twila,Los Angeles International,Anmore,Canada,7:15 PM,San Francisco International,Zhabagly,Kazakhstan,10.85,4/6/2026
KE7832,Korean Air,Morly,Incheon International,Piketberg,South Africa,2:07 PM,Haneda,Medaya,Syria,10.75,2/2/2026
QF2246,Qantas,Carleton,Sydney Airport,Nong Muang,Thailand,11:49 PM,Chhatrapati Shivaji International,Kristinehamn,Sweden,19.4,8/28/2025
BA2819,British Airways,Faustina,Heathrow,Lexington,United States,2:02 PM,Charles de Gaulle,Mibu,Japan,17.33,11/22/2025
NZ3523,Air New Zealand,Ardis,Auckland Airport,General Belgrano,Argentina,7:52 AM,Sydney Airport,Bantarmangu,Indonesia,4.1,1/31/2026
KL5799,KLM Royal Dutch Airlines,Yule,Amsterdam Airport Schiphol,Wadeng,Indonesia,4:21 PM,Munich Airport,Noyal-sur-Vilaine,France,6.67,2/28/2026
UA3447,United Airlines,Olvan,Los Angeles International,Turku,Finland,9:59 AM,San Francisco International,El Paraiso,Mexico,11.62,3/27/2026
CX5044,Cathay Pacific,Marquita,Hong Kong International,Ponte da Pedra,Portugal,7:44 AM,Changi,Lututów,Poland,22.08,8/12/2025
KE9760,Korean Air,Fredrick,Incheon International,Bagani,Namibia,7:33 AM,Jorge Chávez International,Masiga,Philippines,7.96,9/6/2025
SQ5037,Singapore Airlines,Talbot,Changi,Maricá,Brazil,12:21 AM,Beijing Capital International,Svoge,Bulgaria,20.52,11/18/2025
QF9271,Qantas,Christabella,Sydney Airport,Yanqi,China,2:31 AM,Melbourne Airport,Matmata,Morocco,21.77,11/29/2025
UA2642,United Airlines,Gratia,Los Angeles International,Dmitrov,Russia,4:04 PM,San Francisco International,Nal’chik,Russia,16.95,9/3/2025
SQ9239,Singapore Airlines,Lorry,Changi,Wangren,China,6:53 AM,Beijing Capital International,Paris 15,France,23.91,4/7/2026
ET7315,Ethiopian Airlines,Zitella,Bole International,San Isidro,Peru,10:03 AM,Hamad International,Xiajiashan,China,16.79,4/2/2026
AI8209,Air India,Bernardine,Indira Gandhi International,Ikang,Nigeria,12:55 PM,Chhatrapati Shivaji International,Fengli,China,10.86,12/9/2025
NH5534,All Nippon Airways,Genvieve,Haneda,Kelasuri,Georgia,6:14 AM,Incheon International,Kertayuga,Indonesia,16.62,8/18/2025
EK6819,Emirates,Willyt,Dubai International,Gardawice,Poland,9:33 PM,Hamad International,Tianchang,China,12.13,9/27/2025
BA2135,British Airways,Sybilla,Heathrow,Sidomekar,Indonesia,10:40 PM,Charles de Gaulle,Engure,Latvia,5.32,6/9/2025
AA7291,American Airlines,Sheffield,John F. Kennedy International,Badarganj,Bangladesh,5:17 PM,Auckland Airport,Princeville,Canada,4.42,4/17/2026
AC8594,Air Canada,Abbey,Toronto Pearson,Barlinek,Poland,12:26 AM,Hartsfield-Jackson Atlanta,Cabucgayan,Philippines,20.56,7/6/2025
SK9931,SAS Scandinavian,Dalston,Copenhagen Airport,Atuntaqui,Ecuador,4:36 AM,Charles de Gaulle,Vila Verde,Portugal,10.06,11/26/2025
LA5369,LATAM Airlines,Mignonne,São Paulo/Guarulhos International,Beloye,Russia,2:50 PM,Ministro Pistarini International,Dao,Philippines,23.83,9/26/2025
UA1609,United Airlines,Laverna,Los Angeles International,Altagracia de Orituco,Venezuela,6:13 AM,Vancouver International,Toliara,Madagascar,10.45,10/13/2025
SA8880,South African Airways,Emili,O.R. Tambo International,Fresno,United States,3:21 AM,Charles de Gaulle,Velké Svatoňovice,Czech Republic,10.88,12/18/2025
UA6588,United Airlines,Rooney,Los Angeles International,Ocucaje,Peru,4:57 PM,Seattle-Tacoma International,Balite,Philippines,16.11,6/24/2025
AF7434,Air France,Sharon,Charles de Gaulle,Aveleda,Portugal,1:51 PM,Frankfurt Airport,Yacheng,China,2.38,4/12/2026
DL4493,Delta Air Lines,Weylin,John F. Kennedy International,Pasar Kulon,Indonesia,9:24 PM,Vienna International,Sebewe,Indonesia,9.67,12/19/2025
SA1241,South African Airways,Geordie,O.R. Tambo International,Horokhiv,Ukraine,10:54 AM,Charles de Gaulle,Xudat,Azerbaijan,4.42,11/26/2025
NZ9559,Air New Zealand,Martita,Auckland Airport,Rio Brilhante,Brazil,3:59 AM,Cape Town International,Petrikov,Ukraine,3.59,5/6/2025
IB4174,Iberia,Dania,Adolfo Suárez Madrid–Barajas,Ordzhonikidzevskaya,Russia,2:17 PM,Charles de Gaulle,Mosjøen,Norway,6.12,12/15/2025
BA1044,British Airways,Anallese,Heathrow,Sinmak,North Korea,8:55 AM,Charles de Gaulle,Isanlu Itedoijowa,Nigeria,3.09,1/14/2026
AM1438,Aeroméxico,Sonja,Benito Juárez International,Cambita Garabitos,Dominican Republic,3:43 PM,O'Hare International,Narganá,Panama,6.48,2/11/2026
TG5210,Thai Airways,Gisella,Suvarnabhumi,Ulan Hua,China,3:37 AM,Beijing Capital International,Dawan,China,21.27,7/10/2025
LA7200,LATAM Airlines,Mayor,São Paulo/Guarulhos International,Åkersberga,Sweden,5:52 AM,Ministro Pistarini International,Pouso Alegre,Brazil,23.86,9/9/2025
SK8675,SAS Scandinavian,Darcy,Copenhagen Airport,Sungailiat,Indonesia,10:36 AM,Charles de Gaulle,Bukabu,Indonesia,5.1,12/16/2025
SA2908,South African Airways,Maggie,O.R. Tambo International,Zhinvali,Georgia,4:37 PM,Charles de Gaulle,Ankazondandy,Madagascar,21.97,11/30/2025
DL2477,Delta Air Lines,Kimmy,John F. Kennedy International,Hrochův Týnec,Czech Republic,5:44 AM,Hartsfield-Jackson Atlanta,Taokeng,China,23.4,3/19/2026
KE4681,Korean Air,Ashien,Incheon International,Oster,Ukraine,3:59 AM,Suvarnabhumi,Oeleon,Indonesia,13.95,2/14/2026
AM9767,Aeroméxico,La verne,Benito Juárez International,Mulan,China,12:12 PM,Denver International,Jatipamor,Indonesia,15.96,1/7/2026
QF3711,Qantas,Catie,Sydney Airport,Rzeczenica,Poland,5:48 PM,Melbourne Airport,Velké Meziříčí,Czech Republic,14.57,12/9/2025
AI9645,Air India,Munroe,Indira Gandhi International,Jianxin,China,9:43 AM,Vienna International,Aubagne,France,8.5,1/9/2026
ET9515,Ethiopian Airlines,Wheeler,Bole International,Göteborg,Sweden,8:58 AM,Hamad International,Staryye Atagi,Russia,10.95,1/27/2026
WN6141,Southwest Airlines,Aylmer,Los Angeles International,Opuwo,Namibia,6:35 AM,San Francisco International,Jönköping,Sweden,10.91,3/3/2026
SQ9269,Singapore Airlines,Penn,Changi,Xiangshan,China,7:41 PM,Beijing Capital International,Damiku,China,18.48,12/18/2025
KL3008,KLM Royal Dutch Airlines,Myrwyn,Amsterdam Airport Schiphol,Banjar Taro Kelod,Indonesia,4:34 AM,Charles de Gaulle,Yambrasbamba,Peru,10.45,2/1/2026
AC7816,Air Canada,Annie,Toronto Pearson,Río Grande,Dominican Republic,2:20 PM,John F. Kennedy International,Pásion,Greece,1.17,11/20/2025
IB4821,Iberia,Ivan,Adolfo Suárez Madrid–Barajas,Agua Fría,Honduras,4:53 PM,Suvarnabhumi,Pensilvania,Colombia,1.8,11/23/2025
IB9593,Iberia,Pebrook,Adolfo Suárez Madrid–Barajas,Mingyuedian,China,9:35 PM,Jomo Kenyatta International,Greenville,United States,1.94,2/28/2026
EK6878,Emirates,Allan,Dubai International,Lazurne,Ukraine,3:58 PM,Hamad International,Thouars,France,15.64,7/14/2025
SQ6733,Singapore Airlines,Kennith,Changi,Desa Gegempalan,Indonesia,7:07 AM,Brisbane Airport,Rizal,Philippines,22.49,6/9/2025
EK1268,Emirates,Jordan,Dubai International,Jakšić,Croatia,9:50 PM,Indira Gandhi International,Cabungan,Philippines,15.93,10/7/2025
AZ9148,Alitalia,Lammond,Leonardo da Vinci International,Bangeran,Indonesia,5:54 PM,Charles de Gaulle,Cururupu,Brazil,16.54,6/21/2025
AF9694,Air France,Cecil,Charles de Gaulle,Klobuky,Czech Republic,5:20 PM,Frankfurt Airport,Albacete,Spain,15.87,8/5/2025
QR2730,Qatar Airways,Nanete,Hamad International,Seleuš,Serbia,6:28 PM,Bole International,Yonghe,China,17.04,2/3/2026
LA3971,LATAM Airlines,Franklin,São Paulo/Guarulhos International,Taiping,China,2:22 PM,Ministro Pistarini International,Foros do Trapo,Portugal,6.64,3/17/2026
EK7150,Emirates,Edgardo,Dubai International,Latacunga,Ecuador,11:57 AM,Chhatrapati Shivaji International,Moholm,Sweden,15.41,10/13/2025
EK1908,Emirates,Holly,Dubai International,Zhengyangshan,China,7:55 PM,Copenhagen Airport,Ipoh,Malaysia,17.32,7/10/2025
ET2047,Ethiopian Airlines,Ettie,Bole International,Riosucio,Colombia,6:07 AM,Hamad International,Manolás,Greece,5.77,9/4/2025
SK3823,SAS Scandinavian,Wendy,Copenhagen Airport,Vrbovec,Croatia,6:55 AM,Charles de Gaulle,Caicun,China,6.17,12/18/2025
AA2376,American Airlines,Robbie,John F. Kennedy International,San Francisco,Philippines,12:29 PM,Hartsfield-Jackson Atlanta,Weiyang,China,1.08,8/14/2025
NZ2117,Air New Zealand,Henrietta,Auckland Airport,Jing’an,China,12:56 AM,Sydney Airport,Salvacion,Philippines,6.41,8/19/2025
WN9442,Southwest Airlines,Peria,Los Angeles International,Cikuya,Indonesia,6:08 AM,Stockholm Arlanda,Qiaotou,China,2.04,10/16/2025
EK7150,Emirates,Lani,Dubai International,Dalai,China,8:36 AM,Chhatrapati Shivaji International,Horní Jiřetín,Czech Republic,4.77,3/16/2026
QR7262,Qatar Airways,Antonie,Hamad International,Lisia Góra,Poland,4:06 PM,Amsterdam Airport Schiphol,Kuantan,Malaysia,10.57,5/21/2025
AF2649,Air France,Melisenda,Charles de Gaulle,Nūbā,Palestinian Territory,11:52 PM,Frankfurt Airport,Rawa,Indonesia,10.23,11/15/2025
SQ4586,Singapore Airlines,Gerianne,Changi,Selce,Macedonia,2:12 PM,Vienna International,Changjiang,China,2.52,12/30/2025
AV8080,Avianca,Bee,El Dorado International,Valencia,Philippines,2:48 AM,O'Hare International,Santiago,Brazil,5.85,11/12/2025
EK5171,Emirates,Wynn,Dubai International,Pskov,Russia,6:28 AM,Hamad International,Sukaharja,Indonesia,23.31,8/17/2025
AC4673,Air Canada,Dane,Toronto Pearson,Shamkhor,Azerbaijan,5:30 AM,Arturo Merino Benítez International,Plyussa,Russia,10.8,7/18/2025
LH6295,Lufthansa,Anya,Frankfurt Airport,Kępice,Poland,3:20 PM,Heathrow,Battle Creek,United States,18.23,3/6/2026
SA8652,South African Airways,Bessie,O.R. Tambo International,Mingyihe,China,9:02 PM,Charles de Gaulle,Atipuluhan,Philippines,1.15,11/28/2025
AZ8044,Alitalia,Pren,Leonardo da Vinci International,Zolotyy Potik,Ukraine,11:47 AM,Charles de Gaulle,Ţahţā,Egypt,21.12,11/18/2025
LH3906,Lufthansa,Freda,Frankfurt Airport,San Diego,United States,8:35 PM,Charles de Gaulle,Xishan,China,3.84,11/28/2025
LH4442,Lufthansa,Wendell,Frankfurt Airport,Wonorejo Dua,Indonesia,11:03 PM,Charles de Gaulle,Bazi,China,20.43,8/31/2025
AF7165,Air France,Cherilyn,Charles de Gaulle,Mijiang,China,7:22 AM,Frankfurt Airport,Burrel,Albania,3.39,1/25/2026
EK7012,Emirates,Jessica,Dubai International,Yong’an,China,9:51 AM,Hamad International,Ngulahan,Indonesia,12.15,9/4/2025
QR5179,Qatar Airways,Brew,Hamad International,Yuchi,China,11:43 PM,Bole International,Lokavec,Slovenia,1.93,9/21/2025
AZ6261,Alitalia,Genovera,Leonardo da Vinci International,Karangpawitan,Indonesia,3:33 PM,Charles de Gaulle,Austin,United States,11.59,3/26/2026
SA2730,South African Airways,Eugenia,O.R. Tambo International,Semamung,Indonesia,8:24 PM,Charles de Gaulle,Zhutian,China,8.21,9/28/2025
KL8615,KLM Royal Dutch Airlines,Giacopo,Amsterdam Airport Schiphol,Shishan,China,5:33 PM,Frankfurt Airport,Zhongshanmen,China,6.66,6/30/2025
SA8024,South African Airways,Mildrid,O.R. Tambo International,La Esperanza,Mexico,10:51 AM,Adolfo Suárez Madrid–Barajas,Iza,Ukraine,20.69,3/20/2026
AM2437,Aeroméxico,Mata,Benito Juárez International,Duancun,China,5:32 AM,San Francisco International,Austin,United States,10.79,9/23/2025
NH2223,All Nippon Airways,Arabele,Haneda,Nice,France,8:53 AM,Changi,Shiqiao,China,6.71,7/22/2025
TG8477,Thai Airways,Kliment,Suvarnabhumi,Lakeland,United States,6:49 AM,Changi,Costeira do Pirajubae,Brazil,9.97,11/11/2025
SK1004,SAS Scandinavian,Tilly,Copenhagen Airport,Dabachang,China,12:39 PM,Charles de Gaulle,Bulakbanjar,Indonesia,22.34,6/10/2025
DL6443,Delta Air Lines,Carmita,John F. Kennedy International,Palmeira,Brazil,5:13 AM,Hartsfield-Jackson Atlanta,Beselga,Portugal,11.88,11/22/2025
AA8399,American Airlines,Joan,John F. Kennedy International,Gosen,Japan,8:11 PM,Hartsfield-Jackson Atlanta,Kunwi,South Korea,10.59,10/6/2025
TG1198,Thai Airways,Ondrea,Suvarnabhumi,Tertek,Indonesia,6:29 AM,Zurich Airport,Catarman,Philippines,21.14,2/5/2026
UA4386,United Airlines,Bastian,Los Angeles International,Hetian,China,11:13 PM,San Francisco International,Haligue,Philippines,8.26,6/9/2025
SQ4020,Singapore Airlines,Abbe,Changi,Novoshakhtinskiy,Russia,4:08 PM,Beijing Capital International,Xijiao,China,14.58,12/21/2025
NZ8955,Air New Zealand,Sadye,Auckland Airport,Hengdian,China,5:52 PM,Suvarnabhumi,Koło,Poland,19.63,4/3/2026
AI7555,Air India,Milly,Indira Gandhi International,Paris 12,France,1:10 PM,Chhatrapati Shivaji International,Tame,Colombia,17.14,11/13/2025
DL3161,Delta Air Lines,Whitman,John F. Kennedy International,Shouchun,China,9:14 AM,Logan International,Íquira,Colombia,2.77,1/24/2026
AV4699,Avianca,Nathanael,El Dorado International,Coyah,Guinea,2:14 AM,O'Hare International,Kenamoen,Indonesia,12.35,7/15/2025
SK9544,SAS Scandinavian,Max,Copenhagen Airport,Panayagan,Indonesia,12:18 AM,Charles de Gaulle,Huangpu,China,7.21,1/29/2026
LH1978,Lufthansa,Tulley,Frankfurt Airport,Lingmen,China,5:00 AM,Charles de Gaulle,Luzhai,China,17.4,10/20/2025
AZ2233,Alitalia,Cull,Leonardo da Vinci International,Dimitrovgrad,Serbia,8:08 PM,Charles de Gaulle,München,Germany,1.99,3/27/2026
AM8708,Aeroméxico,Meara,Benito Juárez International,Yisuhe,China,9:20 PM,O'Hare International,Liulin,China,12.02,11/19/2025
LH3536,Lufthansa,Taylor,Frankfurt Airport,Marseille,France,4:02 PM,Charles de Gaulle,Cruz,Portugal,4.57,4/29/2025
AM8303,Aeroméxico,Reiko,Benito Juárez International,Dokolo,Uganda,1:23 AM,O'Hare International,Thongwa,Myanmar,13.67,11/6/2025
DL2308,Delta Air Lines,Isabel,John F. Kennedy International,Lawa-an,Philippines,2:48 AM,Hartsfield-Jackson Atlanta,San Francisco,Panama,18.49,4/30/2025
IB3680,Iberia,Thurstan,Adolfo Suárez Madrid–Barajas,De la Paz,Philippines,9:51 PM,Charles de Gaulle,Gò Quao,Vietnam,9.89,6/16/2025
WN3007,Southwest Airlines,Keven,Los Angeles International,El Tejocote,Mexico,2:37 PM,San Francisco International,Chashan,China,10.74,10/28/2025
QF7905,Qantas,Di,Sydney Airport,Vyatskiye Polyany,Russia,11:55 PM,Melbourne Airport,Bagalangit,Philippines,22.38,9/13/2025
AC5745,Air Canada,Christabel,Toronto Pearson,Liutang,China,1:38 AM,Logan International,Umeå,Sweden,8.38,12/14/2025
AA1730,American Airlines,Gabriell,John F. Kennedy International,Shitun,China,6:41 AM,Arturo Merino Benítez International,Cabimas,Venezuela,20.35,3/28/2026
BA2383,British Airways,Tiena,Heathrow,Shilipu,China,1:45 AM,Charles de Gaulle,Bokoro,Chad,1.95,9/15/2025
AC2407,Air Canada,Gabrielle,Toronto Pearson,Panjiang,China,8:29 AM,John F. Kennedy International,Mujur,Indonesia,17.34,9/1/2025
AV7927,Avianca,Abelard,El Dorado International,Independencia,Mexico,9:58 AM,O'Hare International,Manacsac,Philippines,15.37,8/15/2025
LA6064,LATAM Airlines,Ferguson,São Paulo/Guarulhos International,Karbinci,Macedonia,9:19 PM,Miami International,Guyancourt,France,18.78,2/18/2026
SA8061,South African Airways,Fanchette,O.R. Tambo International,Jimusa’er,China,10:38 PM,Frankfurt Airport,Emplak,Indonesia,23.63,1/12/2026
KE6093,Korean Air,Tymothy,Incheon International,Vallenar,Chile,9:58 PM,Zurich Airport,Komi,Indonesia,13.64,8/12/2025
SA6582,South African Airways,Mauricio,O.R. Tambo International,Maputo,Mozambique,9:40 PM,Charles de Gaulle,Marki,Poland,7.14,6/7/2025
NZ9915,Air New Zealand,Kali,Auckland Airport,Manjing,China,11:05 AM,Sydney Airport,Roubaix,France,2.2,6/16/2025
AA7154,American Airlines,Marillin,John F. Kennedy International,Sungai Nyamuk,Indonesia,5:04 AM,Hartsfield-Jackson Atlanta,Kowale Oleckie,Poland,8.12,6/30/2025
SA1965,South African Airways,Mohammed,O.R. Tambo International,Volovets,Ukraine,5:29 PM,Zurich Airport,Heshang,China,16.82,1/6/2026
QF1737,Qantas,Meyer,Sydney Airport,Usatove,Ukraine,8:04 AM,Ministro Pistarini International,Luján,Argentina,21.24,4/29/2025
BA8083,British Airways,Doro,Heathrow,Bintang,Indonesia,12:24 AM,Adolfo Suárez Madrid–Barajas,Tshela,Democratic Republic of the Congo,19.81,2/9/2026
EK9711,Emirates,Valenka,Dubai International,Göteborg,Sweden,8:04 PM,Hamad International,Jiahe,China,16.73,11/11/2025
LA1461,LATAM Airlines,Rafaellle,São Paulo/Guarulhos International,Novopokrovka,Ukraine,8:50 PM,Ministro Pistarini International,Červenka,Czech Republic,13.99,4/13/2026
QF5992,Qantas,Nonnah,Sydney Airport,Aroa,Venezuela,10:16 AM,Charles de Gaulle,Liangshuihe,China,11.16,4/18/2026
EK1492,Emirates,Micky,Dubai International,New York City,United States,7:16 PM,Hamad International,Vysokogornyy,Russia,17.45,7/17/2025
AM9126,Aeroméxico,Viv,Benito Juárez International,Cayur,Indonesia,9:21 PM,O'Hare International,Tayabo,Philippines,21.93,3/13/2026
WN9145,Southwest Airlines,Avril,Los Angeles International,Vorontsovka,Russia,6:32 PM,San Francisco International,Blinsung,Philippines,3.14,2/10/2026
SQ5580,Singapore Airlines,Muhammad,Changi,Pār Naogaon,Bangladesh,11:18 PM,Melbourne Airport,La Fortuna,Philippines,17.02,3/14/2026
AM9017,Aeroméxico,Staford,Benito Juárez International,La Seyne-sur-Mer,France,12:13 PM,Cape Town International,Betim,Brazil,14.35,1/13/2026
UA7495,United Airlines,Ignacius,Los Angeles International,Zhangting,China,3:21 PM,San Francisco International,Ning’er,China,7.13,11/3/2025
SA7702,South African Airways,Gideon,O.R. Tambo International,Qidu,China,3:15 PM,Charles de Gaulle,Ocote Paulino,Honduras,7.42,5/8/2025
ET7859,Ethiopian Airlines,Tiphany,Bole International,San Antonio de los Baños,Cuba,1:58 AM,Hamad International,Bria,Central African Republic,12.73,12/20/2025
NZ2281,Air New Zealand,Penelope,Auckland Airport,Dallas,United States,6:09 PM,Brisbane Airport,Āl Ma‘ūdah,Yemen,1.08,3/27/2026
UA5241,United Airlines,Valencia,Los Angeles International,Waigete,Indonesia,2:36 PM,San Francisco International,Mežica,Slovenia,1.23,11/23/2025
QF9353,Qantas,Estevan,Sydney Airport,Masma,Peru,2:18 PM,Toronto Pearson,Stettler,Canada,10.92,4/15/2026
SK2916,SAS Scandinavian,Basil,Copenhagen Airport,Kribi,Cameroon,7:16 PM,Charles de Gaulle,Vuzenica,Slovenia,16.94,2/4/2026
AA7995,American Airlines,Marten,John F. Kennedy International,Krasnyy Lyman,Ukraine,6:57 AM,San Francisco International,Leceia,Portugal,16.85,4/18/2026
LA4303,LATAM Airlines,Tybalt,São Paulo/Guarulhos International,Le Lamentin,Martinique,12:23 AM,Ministro Pistarini International,Iroquois Falls,Canada,6.83,4/30/2025
CX8341,Cathay Pacific,Carissa,Hong Kong International,Bang Na,Thailand,6:04 PM,Incheon International,Khanino,Russia,10.58,4/14/2026
IB6717,Iberia,Corty,Adolfo Suárez Madrid–Barajas,Qŭrghontepa,Uzbekistan,5:04 AM,Charles de Gaulle,Oslo,Norway,23.82,6/21/2025
UA6353,United Airlines,Belicia,Los Angeles International,Domoni,Comoros,2:59 PM,San Francisco International,Brondong,Indonesia,13.22,2/25/2026
SQ4272,Singapore Airlines,Stacie,Changi,Varna,Serbia,12:51 AM,Brisbane Airport,Zerkten,Morocco,19.73,9/10/2025
AC8696,Air Canada,Aristotle,Toronto Pearson,Kitcharao,Philippines,3:50 AM,John F. Kennedy International,Huangbei,China,18.01,7/25/2025
KL1861,KLM Royal Dutch Airlines,Alvinia,Amsterdam Airport Schiphol,Jacareí,Brazil,2:25 PM,Charles de Gaulle,Mingshui,China,16.45,1/29/2026
AZ9175,Alitalia,Mikel,Leonardo da Vinci International,Taoudenni,Mali,10:23 AM,Charles de Gaulle,La Paz de Oriente,Nicaragua,5.31,3/8/2026
NZ2559,Air New Zealand,Kynthia,Auckland Airport,Vera Cruz,Brazil,1:35 PM,Heathrow,Crumlin,Ireland,13.46,10/21/2025
NH1353,All Nippon Airways,Ronny,Haneda,Gayam,Indonesia,9:15 PM,Toronto Pearson,Blois,France,2.12,11/28/2025
AC5199,Air Canada,Hilliard,Toronto Pearson,Diaoling,China,6:50 PM,Amsterdam Airport Schiphol,Leskovac,Serbia,7.97,6/10/2025
SK9722,SAS Scandinavian,Malorie,Copenhagen Airport,Lương Bằng,Vietnam,7:53 PM,Charles de Gaulle,Datagon,Philippines,2.76,9/14/2025
NH2702,All Nippon Airways,Dede,Haneda,Ellös,Sweden,5:05 PM,Incheon International,Kamárai,Greece,15.54,3/23/2026
KE7078,Korean Air,Dosi,Incheon International,Magisterial,Mexico,7:53 AM,Haneda,Quixeramobim,Brazil,6.75,11/20/2025
UA5582,United Airlines,Ashlin,Los Angeles International,Senduro,Indonesia,12:22 AM,San Francisco International,Khon San,Thailand,7.92,5/14/2025
QR2822,Qatar Airways,Nefen,Hamad International,Changlong,China,2:00 PM,Bole International,Hagondange,France,8.89,11/6/2025
AM5332,Aeroméxico,Troy,Benito Juárez International,Dayangzhou,China,6:28 AM,O'Hare International,Rionegro,Colombia,18.39,9/19/2025
AV3056,Avianca,Pepita,El Dorado International,Aqsū,Kazakhstan,2:01 AM,O'Hare International,Afikpo,Nigeria,17.11,4/29/2025
CX9568,Cathay Pacific,Warde,Hong Kong International,Skulsk,Poland,6:15 PM,Changi,Kore,Indonesia,17.84,4/24/2026
KE1298,Korean Air,Belicia,Incheon International,Wonokerto,Indonesia,7:14 AM,Haneda,Haixing,China,1.96,4/9/2026
AI1710,Air India,Krissie,Indira Gandhi International,Colorado Springs,United States,2:30 AM,Chhatrapati Shivaji International,Ciparasi,Indonesia,15.31,9/23/2025
LA2404,LATAM Airlines,Jorry,São Paulo/Guarulhos International,Tembau,Indonesia,10:28 PM,Ministro Pistarini International,Banjar Jabejero,Indonesia,22.57,3/14/2026
LH6429,Lufthansa,Susanne,Frankfurt Airport,Saint Augustine,United States,5:57 PM,Incheon International,Matagbak,Philippines,6.83,9/14/2025
NZ7909,Air New Zealand,Dierdre,Auckland Airport,Spånga,Sweden,8:37 PM,Sydney Airport,Ponte Nova,Brazil,5.8,10/4/2025
SQ4020,Singapore Airlines,Cybill,Changi,Kiboga,Uganda,3:08 AM,Beijing Capital International,Sanguinheira,Portugal,17.06,1/30/2026
ET7205,Ethiopian Airlines,Sherilyn,Bole International,Paramaribo,Suriname,1:07 AM,Hamad International,São Miguel da Carreira,Portugal,8.47,12/18/2025
AC1726,Air Canada,Tobye,Toronto Pearson,Pegões,Portugal,6:53 AM,Hamad International,Wirodayan,Indonesia,19.34,1/4/2026
LA1908,LATAM Airlines,Mahalia,São Paulo/Guarulhos International,Jargalant,Mongolia,5:13 AM,Ministro Pistarini International,Dubravica,Bosnia and Herzegovina,3.54,8/24/2025
WN4957,Southwest Airlines,Klara,Los Angeles International,Kelasuri,Georgia,4:37 AM,San Francisco International,Dalam,Indonesia,22.02,12/10/2025
QR3183,Qatar Airways,Kaylee,Hamad International,Tiantang,China,4:09 PM,Bole International,Cimadang,Indonesia,21.8,5/28/2025
IB8190,Iberia,Tabatha,Adolfo Suárez Madrid–Barajas,Tilik,Philippines,10:22 AM,Charles de Gaulle,Täby,Sweden,11.52,1/28/2026
WN5297,Southwest Airlines,Donielle,Los Angeles International,Banjar Banyuning Barat,Indonesia,3:21 AM,San Francisco International,Banjaranyar,Indonesia,16.42,10/20/2025
QR5179,Qatar Airways,Hobie,Hamad International,Wanga,Indonesia,2:24 AM,Bole International,Tall Salḩab,Syria,5.74,11/14/2025
SQ6821,Singapore Airlines,Davida,Changi,Xinzhaiping,China,5:15 PM,Beijing Capital International,Sokołów Podlaski,Poland,17.71,11/5/2025
WN4945,Southwest Airlines,Ulrica,Los Angeles International,San Antonio,Peru,7:07 AM,Amsterdam Airport Schiphol,Sîngerei,Moldova,15.05,7/31/2025
AA5556,American Airlines,Andonis,John F. Kennedy International,Changbu,China,2:53 PM,Jomo Kenyatta International,Opuwo,Namibia,23.04,6/10/2025
BA2903,British Airways,Imelda,Heathrow,Dārāb,Iran,3:08 AM,Adolfo Suárez Madrid–Barajas,Khinjān,Afghanistan,15.23,4/25/2026
EK7708,Emirates,Magdalena,Dubai International,Joaçaba,Brazil,3:57 AM,Hamad International,Dahua,China,9.33,2/10/2026
UA8275,United Airlines,Hedy,Los Angeles International,Dongfeng,China,12:27 AM,San Francisco International,Nikki,Benin,2.08,4/5/2026
AA7570,American Airlines,Jacky,John F. Kennedy International,Gegernoong,Indonesia,1:53 PM,Seattle-Tacoma International,Vërtop,Albania,10.04,12/3/2025
NH9718,All Nippon Airways,Olympie,Haneda,Batabanó,Cuba,8:29 AM,Incheon International,Cairani,Peru,9.18,11/22/2025
WN8491,Southwest Airlines,Holly,Los Angeles International,Tanakawu Dua,Indonesia,12:40 PM,San Francisco International,Jagong,Indonesia,8.41,11/14/2025
DL5874,Delta Air Lines,Ladonna,John F. Kennedy International,Norrköping,Sweden,11:27 PM,Los Angeles International,Nan’ao,China,4.59,1/18/2026
QR4567,Qatar Airways,Nanny,Hamad International,Zhenjiang,China,7:50 AM,Bole International,5 de Mayo,Mexico,21.44,5/1/2025
SA4881,South African Airways,Doroteya,O.R. Tambo International,Rusnė,Lithuania,11:12 PM,Charles de Gaulle,Des Moines,United States,19.32,11/9/2025
NH7272,All Nippon Airways,Cordie,Haneda,Zagórnik,Poland,5:08 PM,Changi,Paris 07,France,12.0,3/6/2026
AF9468,Air France,Braden,Charles de Gaulle,Mañazo,Peru,2:43 AM,Frankfurt Airport,Qulsary,Kazakhstan,21.49,10/20/2025
NH1524,All Nippon Airways,Bonita,Haneda,Si Sa Ket,Thailand,4:24 AM,Hong Kong International,Irecê,Brazil,22.52,11/9/2025
TG8950,Thai Airways,Curr,Suvarnabhumi,Tuplice,Poland,1:04 AM,Changi,Heemstede,Netherlands,3.37,6/8/2025
AM2515,Aeroméxico,Harrison,Benito Juárez International,Novi Pazar,Serbia,2:11 PM,Adolfo Suárez Madrid–Barajas,Ondangwa,Namibia,3.62,9/5/2025
QR2822,Qatar Airways,Othilia,Hamad International,Lembung Tengah,Indonesia,8:43 PM,Bole International,Daleman,Indonesia,22.63,4/18/2026
IB4174,Iberia,Adey,Adolfo Suárez Madrid–Barajas,Jequié,Brazil,8:46 AM,Charles de Gaulle,Sóc Trăng,Vietnam,17.45,1/22/2026
CX1399,Cathay Pacific,Antoni,Hong Kong International,Washington,United States,1:51 PM,Changi,Jiguan,China,3.88,4/14/2026
DL6858,Delta Air Lines,Franklin,John F. Kennedy International,Lungmar,China,2:19 PM,Hartsfield-Jackson Atlanta,Agua Buena,Panama,19.48,1/4/2026
LH5166,Lufthansa,Dar,Frankfurt Airport,Zinder,Niger,10:30 AM,Charles de Gaulle,Fort Portal,Uganda,11.43,4/19/2026
AI5177,Air India,Rycca,Indira Gandhi International,Shizikeng,China,7:34 PM,Chhatrapati Shivaji International,San Jose,Mexico,7.82,5/5/2025
SQ1305,Singapore Airlines,Cyrus,Changi,Lewo,Indonesia,3:01 AM,Beijing Capital International,Yafan,China,10.45,12/12/2025
DL8968,Delta Air Lines,Dorelia,John F. Kennedy International,Pilar do Sul,Brazil,8:00 PM,Hartsfield-Jackson Atlanta,Sumber,Indonesia,19.88,1/29/2026
CX1574,Cathay Pacific,Elfrida,Hong Kong International,Shiraz,Iran,9:13 AM,Changi,Uzda,Belarus,2.07,2/7/2026
KE4971,Korean Air,Delilah,Incheon International,Gedaliang,China,3:42 PM,Hong Kong International,Newmarket,Canada,13.25,12/24/2025
CX8163,Cathay Pacific,Jenn,Hong Kong International,Zimmi,Sierra Leone,3:07 AM,Kuala Lumpur International,Fangjun,China,17.91,1/26/2026
WN7040,Southwest Airlines,Timothy,Los Angeles International,Gowa,Indonesia,10:46 PM,Arturo Merino Benítez International,Perepravnaya,Russia,4.78,12/21/2025
LH7175,Lufthansa,Jasmin,Frankfurt Airport,Slatyne,Ukraine,12:50 PM,Charles de Gaulle,Sutton,Canada,15.76,8/8/2025
QF5992,Qantas,Welby,Sydney Airport,Ulaan-Ereg,Mongolia,10:23 PM,Charles de Gaulle,Chigorodó,Colombia,14.04,9/19/2025
WN4924,Southwest Airlines,Koo,Los Angeles International,Bailadores,Venezuela,3:33 AM,San Francisco International,Pawitan,Indonesia,4.75,10/4/2025
QR3221,Qatar Airways,Kipp,Hamad International,Buritama,Brazil,8:45 PM,Vienna International,Boca de Parita,Panama,10.76,4/1/2026
AC1726,Air Canada,Tessy,Toronto Pearson,Tranås,Sweden,2:25 AM,Hamad International,São João de Meriti,Brazil,10.82,9/23/2025
TG1736,Thai Airways,Calvin,Suvarnabhumi,Aroeira,Portugal,10:44 PM,Changi,Markaz-e Ḩukūmat-e Darwēshān,Afghanistan,7.76,4/20/2026
BA7908,British Airways,Adrien,Heathrow,Jianxincun,China,10:31 AM,Charles de Gaulle,Chengtou,China,6.31,2/10/2026
QR2546,Qatar Airways,Madelyn,Hamad International,Barakani,Comoros,12:05 PM,Bole International,Calçada,Portugal,6.92,3/14/2026
KL6466,KLM Royal Dutch Airlines,Ofilia,Amsterdam Airport Schiphol,Lwengo,Uganda,6:35 PM,Charles de Gaulle,Alegrete,Brazil,23.99,9/22/2025
AZ5063,Alitalia,Mag,Leonardo da Vinci International,Lagny-sur-Marne,France,4:09 PM,Charles de Gaulle,Valašská Polanka,Czech Republic,9.84,4/10/2026
EK6023,Emirates,Maggy,Dubai International,Kokshetau,Kazakhstan,9:08 PM,Hamad International,Soledade,Brazil,23.58,12/16/2025
LH2743,Lufthansa,Henryetta,Frankfurt Airport,Lugui,Philippines,7:10 PM,Charles de Gaulle,Kireyevsk,Russia,20.42,9/4/2025
AM1964,Aeroméxico,Garald,Benito Juárez International,Santo Amador,Portugal,1:03 PM,O'Hare International,Sosnovka,Russia,19.4,5/24/2025
AI2869,Air India,Ulrich,Indira Gandhi International,Purwodadi,Indonesia,9:10 AM,Suvarnabhumi,Kusŏng,North Korea,7.26,12/18/2025
BA9479,British Airways,Madelaine,Heathrow,Jiaoqiao,China,9:42 PM,Charles de Gaulle,Hovd,Mongolia,5.38,11/16/2025
TG9132,Thai Airways,Ursa,Suvarnabhumi,Líbano,Colombia,9:18 AM,Changi,Novoselitsa,Ukraine,13.97,1/14/2026
AZ8666,Alitalia,Tandie,Leonardo da Vinci International,Dejilin,China,8:01 AM,Charles de Gaulle,Yinjiacheng,China,21.85,10/16/2025
NZ6109,Air New Zealand,Weidar,Auckland Airport,Radomir,Bulgaria,3:56 AM,Sydney Airport,Bom Jesus dos Perdões,Brazil,16.4,10/30/2025
BA6099,British Airways,Heindrick,Heathrow,Hatu Buh,China,5:50 AM,Hamad International,São Caetano do Sul,Brazil,1.87,7/28/2025
CX3889,Cathay Pacific,Raimundo,Hong Kong International,Moravský Beroun,Czech Republic,4:54 AM,Changi,Acatenango,Guatemala,4.19,9/10/2025
KL3207,KLM Royal Dutch Airlines,Eolanda,Amsterdam Airport Schiphol,Uyutne,Ukraine,7:59 AM,Vienna International,Raposeira,Portugal,7.96,11/2/2025
EK8848,Emirates,Jermaine,Dubai International,Fenghuo,China,1:08 AM,Logan International,Lucé,France,19.19,5/15/2025
NH8549,All Nippon Airways,Saxon,Haneda,Bako,Ethiopia,2:25 AM,Jomo Kenyatta International,Cachoeirinha,Brazil,11.47,6/18/2025
KL1090,KLM Royal Dutch Airlines,Nathan,Amsterdam Airport Schiphol,Regimin,Poland,7:49 PM,Adolfo Suárez Madrid–Barajas,Yunmen,China,17.13,7/18/2025
SK1094,SAS Scandinavian,Sal,Copenhagen Airport,Jinhaihu,China,12:42 PM,Charles de Gaulle,Bakar,Croatia,9.66,12/11/2025
AZ5874,Alitalia,Jacki,Leonardo da Vinci International,Baguinge,Philippines,1:57 PM,Charles de Gaulle,Krujë,Albania,11.6,2/22/2026
ET4228,Ethiopian Airlines,Nessa,Bole International,Mymensingh,Bangladesh,3:17 PM,Hamad International,Hexia,China,6.96,12/23/2025
LH4128,Lufthansa,Moritz,Frankfurt Airport,Kodinsk,Russia,12:58 AM,Charles de Gaulle,Haligue,Philippines,10.94,4/26/2026
BA3483,British Airways,Billi,Heathrow,Panaoti,Nepal,6:19 PM,Charles de Gaulle,Jomboy,Uzbekistan,5.73,9/11/2025
WN8565,Southwest Airlines,Benedetta,Los Angeles International,Kansas City,United States,6:13 AM,San Francisco International,San Gil,Colombia,18.86,10/13/2025
LA3958,LATAM Airlines,Carroll,São Paulo/Guarulhos International,Liangwangzhuang,China,2:04 PM,Ministro Pistarini International,Jinghai,China,13.56,7/22/2025
DL9109,Delta Air Lines,Allyn,John F. Kennedy International,Buni Yadi,Nigeria,9:26 AM,Hartsfield-Jackson Atlanta,Santa Ana,Argentina,8.21,4/7/2026
AZ3269,Alitalia,Consalve,Leonardo da Vinci International,Canghou,China,8:56 AM,Charles de Gaulle,Famagusta,Cyprus,14.22,10/27/2025
NH5739,All Nippon Airways,Bernie,Haneda,Penedo,Portugal,4:25 AM,Incheon International,Dalam,Indonesia,7.11,7/17/2025
AZ9404,Alitalia,Marigold,Leonardo da Vinci International,Barishāl,Pakistan,11:13 PM,Charles de Gaulle,Kítsi,Greece,2.37,7/16/2025
SA1576,South African Airways,Callida,O.R. Tambo International,Zibu,China,7:53 PM,Leonardo da Vinci International,Şaqānis,Tunisia,18.25,8/25/2025
KE7989,Korean Air,Jon,Incheon International,Tingo María,Peru,8:42 PM,Haneda,Jindong,China,13.39,3/3/2026
WN9145,Southwest Airlines,Reinaldo,Los Angeles International,Medina Estates,Ghana,6:11 PM,San Francisco International,Jāwā,Jordan,20.18,7/16/2025
DL5422,Delta Air Lines,Lindi,John F. Kennedy International,Kannus,Finland,7:11 AM,O'Hare International,Mežica,Slovenia,21.32,11/26/2025
NH4645,All Nippon Airways,Pryce,Haneda,Shitang,China,10:52 AM,Jomo Kenyatta International,Örbyhus,Sweden,8.11,8/29/2025
EK7800,Emirates,Karola,Dubai International,Outapi,Namibia,3:10 AM,Bole International,Bouna,Ivory Coast,6.76,3/20/2026
AZ5181,Alitalia,Friedrich,Leonardo da Vinci International,Sanli,China,11:04 PM,Charles de Gaulle,Peras Ruivas,Portugal,18.39,3/9/2026
NZ2363,Air New Zealand,Rolfe,Auckland Airport,Huangtudian,China,5:29 AM,Sydney Airport,Sirindhorn,Thailand,1.4,11/25/2025
KL3810,KLM Royal Dutch Airlines,Marje,Amsterdam Airport Schiphol,Laszki,Poland,4:04 PM,Stockholm Arlanda,Bayt ‘Ūr at Taḩtā,Palestinian Territory,17.28,11/30/2025
KL5452,KLM Royal Dutch Airlines,Wolfy,Amsterdam Airport Schiphol,Pengfang,China,4:56 PM,Charles de Gaulle,Tepal,Indonesia,18.16,11/21/2025
AM3700,Aeroméxico,Rasla,Benito Juárez International,Novogurovskiy,Russia,1:25 PM,Los Angeles International,Versailles,France,1.25,3/12/2026
AF8075,Air France,Shannon,Charles de Gaulle,Ćuprija,Serbia,8:48 PM,Frankfurt Airport,Jiaotang,China,8.36,4/18/2026
LH5512,Lufthansa,Danni,Frankfurt Airport,Las Cruces,United States,3:24 AM,Charles de Gaulle,Diez de Octubre,Cuba,7.45,7/20/2025
EK3918,Emirates,Jocelyne,Dubai International,Jiangnan,China,3:08 AM,Kuala Lumpur International,Pasargunung,Indonesia,7.71,1/25/2026
IB1305,Iberia,Farlie,Adolfo Suárez Madrid–Barajas,Iwamizawa,Japan,10:23 PM,Charles de Gaulle,Heqiao,China,16.53,1/9/2026
LH1276,Lufthansa,Gwyneth,Frankfurt Airport,Shaowu,China,11:41 AM,Charles de Gaulle,Maji,China,13.59,8/21/2025
QR3362,Qatar Airways,John,Hamad International,Savyon,Israel,2:07 PM,Bole International,El Mirador,Mexico,23.8,1/3/2026
AZ7460,Alitalia,Burtie,Leonardo da Vinci International,Zákupy,Czech Republic,12:44 PM,Cairo International,Mulanay,Philippines,21.84,9/15/2025
SQ6690,Singapore Airlines,Felice,Changi,Banxi,China,2:54 AM,Beijing Capital International,Suwatu,Indonesia,16.81,11/28/2025
CX5757,Cathay Pacific,Rosanne,Hong Kong International,Greenville,United States,3:24 AM,Changi,Wangdain,China,23.26,8/18/2025
LA4328,LATAM Airlines,Rafaello,São Paulo/Guarulhos International,Bāzārak,Afghanistan,9:35 PM,Ministro Pistarini International,Khemisset,Morocco,1.61,4/21/2026
SK3759,SAS Scandinavian,Cleon,Copenhagen Airport,Yangtan,China,2:06 AM,Charles de Gaulle,Içara,Brazil,2.86,2/24/2026
AM4164,Aeroméxico,Dulcea,Benito Juárez International,Jombang,Indonesia,10:04 PM,O'Hare International,Muslyumovo,Russia,20.82,6/25/2025
TG6294,Thai Airways,Aubine,Suvarnabhumi,Karangpapak,Indonesia,8:35 AM,Changi,Balungkopi,Indonesia,22.45,9/18/2025
NH2176,All Nippon Airways,Enoch,Haneda,Cognac,France,7:55 AM,Incheon International,Douala,Cameroon,22.77,5/8/2025
TG2389,Thai Airways,Alexine,Suvarnabhumi,Anyama,Ivory Coast,11:37 PM,Changi,Washington,United States,1.98,1/22/2026
LH2485,Lufthansa,Lynn,Frankfurt Airport,Téra,Niger,9:09 PM,Charles de Gaulle,Ulbroka,Latvia,12.67,8/2/2025
AF8946,Air France,Linnie,Charles de Gaulle,Abang,Indonesia,9:48 AM,Frankfurt Airport,Langzhong,China,9.51,3/6/2026
AM6125,Aeroméxico,Dorie,Benito Juárez International,Minanga Norte,Philippines,6:29 AM,Hartsfield-Jackson Atlanta,Muonio,Finland,21.6,3/18/2026
NZ8106,Air New Zealand,Lara,Auckland Airport,Tarragona,Philippines,4:32 AM,Sydney Airport,Sanlian,China,21.62,12/1/2025
LH1832,Lufthansa,Rosabel,Frankfurt Airport,Novosel’ye,Belarus,11:30 PM,Charles de Gaulle,Butembo,Democratic Republic of the Congo,8.87,7/2/2025
LA5271,LATAM Airlines,Valle,São Paulo/Guarulhos International,Sipeng,China,7:12 AM,Ministro Pistarini International,Weiqi,China,13.46,12/5/2025
UA8934,United Airlines,Elana,Los Angeles International,Pápa,Hungary,12:02 AM,San Francisco International,Río Hondo,Guatemala,3.34,9/17/2025
BA2135,British Airways,Brandea,Heathrow,Changlong,China,1:57 PM,Charles de Gaulle,Majiang,China,22.54,7/18/2025
AZ6718,Alitalia,Ellyn,Leonardo da Vinci International,Point Hill,Jamaica,6:41 AM,Charles de Gaulle,Srono,Indonesia,15.68,12/24/2025
CX9670,Cathay Pacific,Hart,Hong Kong International,Lobuk,Indonesia,5:00 PM,Changi,Hariang,Indonesia,14.79,4/20/2026
CX3334,Cathay Pacific,Gaultiero,Hong Kong International,Lintan Chengguanzhen,China,9:19 AM,Changi,Montes,Portugal,15.9,4/25/2026
NZ9663,Air New Zealand,Monah,Auckland Airport,Mungyeong,South Korea,10:22 PM,Sydney Airport,San Roque,Philippines,15.74,5/3/2025
TG7226,Thai Airways,Consuelo,Suvarnabhumi,Goodlands,Mauritius,5:42 AM,Changi,Радишани,Macedonia,17.94,11/8/2025
SA1292,South African Airways,Orlan,O.R. Tambo International,Kolbano,Indonesia,8:27 PM,Charles de Gaulle,Jasienica,Poland,2.21,4/28/2025
QR2730,Qatar Airways,Ramon,Hamad International,Popil'nya,Ukraine,12:34 PM,Bole International,Hato Mayor del Rey,Dominican Republic,13.37,11/30/2025
AC8527,Air Canada,Darnall,Toronto Pearson,Pindaré Mirim,Brazil,12:10 PM,John F. Kennedy International,Mangge,Indonesia,23.4,1/3/2026
AZ1674,Alitalia,Annissa,Leonardo da Vinci International,Bobrovka,Russia,5:07 AM,Charles de Gaulle,Kimakamak,Indonesia,19.65,7/27/2025
WN1265,Southwest Airlines,Finlay,Los Angeles International,Mainang,Indonesia,2:10 AM,Vancouver International,Senhor do Bonfim,Brazil,17.33,12/9/2025
LA3470,LATAM Airlines,Base,São Paulo/Guarulhos International,Toledo,Spain,8:21 AM,Ministro Pistarini International,Psychikó,Greece,9.61,11/27/2025
AV3025,Avianca,Emmott,El Dorado International,Tancheng,China,3:39 PM,O'Hare International,Sentul,Indonesia,20.91,6/1/2025
AV3548,Avianca,Hodge,El Dorado International,Dushi,China,8:43 PM,O'Hare International,Lusambo,Democratic Republic of the Congo,22.76,3/31/2026
NH4125,All Nippon Airways,Wain,Haneda,Enhe Hada,China,11:11 AM,Incheon International,Maunggora,Indonesia,10.91,8/19/2025
LH5483,Lufthansa,Prudi,Frankfurt Airport,Patquía,Argentina,8:23 AM,John F. Kennedy International,Alejal,Philippines,7.28,2/2/2026
NZ6109,Air New Zealand,Veriee,Auckland Airport,Provo,United States,8:28 AM,Sydney Airport,Xingtai,China,12.43,6/6/2025
AI6834,Air India,Tome,Indira Gandhi International,Khodzha-Maston,Tajikistan,12:40 PM,Chhatrapati Shivaji International,Demyansk,Russia,16.28,1/2/2026
AC3806,Air Canada,Sascha,Toronto Pearson,Jianyi,China,5:30 AM,Hartsfield-Jackson Atlanta,Peuara,Indonesia,15.39,12/24/2025
LH2341,Lufthansa,Reeta,Frankfurt Airport,Karanggeneng,Indonesia,7:02 PM,Charles de Gaulle,Yallahs,Jamaica,2.51,11/13/2025
TG5404,Thai Airways,Immanuel,Suvarnabhumi,Perpignan,France,6:14 AM,Changi,Xingxi,China,9.05,12/30/2025
KE3049,Korean Air,Sonya,Incheon International,Huayucachi,Peru,12:24 AM,Leonardo da Vinci International,Pitangui,Brazil,17.3,5/1/2025
QF3938,Qantas,Timmy,Sydney Airport,Cacoal,Brazil,2:54 PM,Melbourne Airport,Myhiya,Ukraine,5.04,2/27/2026
AZ7873,Alitalia,Agretha,Leonardo da Vinci International,Bingawan,Philippines,5:53 PM,Charles de Gaulle,Khvalovo,Russia,16.67,3/16/2026
AM5718,Aeroméxico,Missy,Benito Juárez International,Callahuanca,Peru,12:09 AM,O'Hare International,Sumbersari Wetan,Indonesia,4.45,12/6/2025
AV2245,Avianca,Drud,El Dorado International,Sarishābāri,Bangladesh,5:00 PM,O'Hare International,Camabatela,Angola,16.34,12/24/2025
LA5271,LATAM Airlines,Stace,São Paulo/Guarulhos International,Tabunok,Philippines,1:35 AM,Ministro Pistarini International,Kalebun,Indonesia,10.91,1/14/2026
WN2726,Southwest Airlines,Forbes,Los Angeles International,Petrodvorets,Russia,4:33 AM,San Francisco International,Angono,Philippines,3.25,1/27/2026
AF2026,Air France,Lanie,Charles de Gaulle,Naru,Indonesia,11:31 PM,Frankfurt Airport,Kalininaul,Russia,14.59,12/1/2025
AC5450,Air Canada,Evanne,Toronto Pearson,Trebisht-Muçinë,Albania,1:33 AM,Suvarnabhumi,General Levalle,Argentina,7.15,8/5/2025
AZ8270,Alitalia,Lindie,Leonardo da Vinci International,General Belgrano,Argentina,11:58 PM,Charles de Gaulle,Qiaosi,China,6.37,12/26/2025
NZ8575,Air New Zealand,Carlo,Auckland Airport,Payabon,Philippines,5:22 PM,Suvarnabhumi,Sarāqib,Syria,5.95,10/28/2025
AV3679,Avianca,Aeriell,El Dorado International,Tokarnia,Poland,4:32 PM,Los Angeles International,Valparaíso,Chile,11.64,12/31/2025
QR7405,Qatar Airways,Ginelle,Hamad International,Donan,Indonesia,8:21 PM,Ministro Pistarini International,Oslo,Norway,21.54,12/14/2025
SQ2855,Singapore Airlines,Archie,Changi,Novopavlovsk,Russia,4:06 PM,Beijing Capital International,Mailag,Philippines,2.76,11/23/2025
SA5492,South African Airways,Livvyy,O.R. Tambo International,Baiheshan,China,8:57 AM,Bole International,Karangharjo,Indonesia,23.83,8/23/2025
KL4801,KLM Royal Dutch Airlines,Ferne,Amsterdam Airport Schiphol,Saint-Jean-de-Védas,France,1:31 PM,Charles de Gaulle,Tha Bo,Thailand,3.32,1/13/2026
AC1726,Air Canada,Deerdre,Toronto Pearson,Daying,China,12:45 AM,Hamad International,Antsohimbondrona,Madagascar,9.16,9/12/2025
QF2703,Qantas,Fan,Sydney Airport,Sumalig,Philippines,11:51 PM,Melbourne Airport,Bayḩān,Yemen,11.96,7/5/2025
SQ7099,Singapore Airlines,Mag,Changi,Chigang,China,12:12 PM,Beijing Capital International,Tsaghkahovit,Armenia,4.73,1/9/2026
LH1832,Lufthansa,Risa,Frankfurt Airport,Xipu,China,7:01 AM,Charles de Gaulle,Sakado,Japan,11.06,4/8/2026
LA9967,LATAM Airlines,Shantee,São Paulo/Guarulhos International,Guidong Chengguanzhen,China,6:07 AM,Arturo Merino Benítez International,Inazawa,Japan,12.44,4/2/2026
SK9152,SAS Scandinavian,Danika,Copenhagen Airport,Ban Phan Don,Thailand,3:48 PM,Charles de Gaulle,Tobilolong,Indonesia,13.89,4/18/2026
NH8558,All Nippon Airways,Kimberli,Haneda,Bultfontein,South Africa,12:27 AM,Dubai International,Maikawada,Indonesia,19.13,8/3/2025
AZ2669,Alitalia,Ludvig,Leonardo da Vinci International,Saint Louis,United States,10:01 PM,Charles de Gaulle,Yong’an,China,3.41,10/21/2025
NZ1707,Air New Zealand,Sybila,Auckland Airport,Khanino,Russia,5:27 PM,Sydney Airport,Lauro de Freitas,Brazil,4.74,10/9/2025
AI5363,Air India,Arlen,Indira Gandhi International,Šalovci,Slovenia,12:19 AM,Chhatrapati Shivaji International,Varjota,Brazil,9.71,12/23/2025
NH3030,All Nippon Airways,Alix,Haneda,Jiang’an,China,5:37 AM,Incheon International,Daqingshan,China,15.29,3/1/2026
UA8281,United Airlines,Terrell,Los Angeles International,Polo,Philippines,7:38 AM,San Francisco International,Lipinki Łużyckie,Poland,23.85,6/26/2025
NZ2102,Air New Zealand,Arlyn,Auckland Airport,Bergen,Norway,8:20 AM,Sydney Airport,Hongor,Mongolia,11.61,3/12/2026
NH3402,All Nippon Airways,Jaime,Haneda,Al Jarādīyah,Saudi Arabia,10:02 AM,Incheon International,Biskamzha,Russia,20.97,9/29/2025
NZ1302,Air New Zealand,Paxton,Auckland Airport,Semampir,Indonesia,6:55 AM,Changi,Valbo,Sweden,1.85,2/21/2026
AM9678,Aeroméxico,Far,Benito Juárez International,Kalino,Russia,9:38 AM,O'Hare International,Hodošan,Croatia,12.66,3/20/2026
LA4298,LATAM Airlines,Damian,São Paulo/Guarulhos International,Santa Paz,Philippines,3:00 AM,Ministro Pistarini International,Nong Ki,Thailand,6.62,1/20/2026
KE3850,Korean Air,Elysia,Incheon International,Huangtugang,China,1:34 AM,Haneda,Stockholm,Sweden,15.75,11/12/2025
SQ2544,Singapore Airlines,Jobye,Changi,Bonneuil-sur-Marne,France,11:21 AM,Beijing Capital International,Blažovice,Czech Republic,15.76,11/9/2025
CX2731,Cathay Pacific,Blanca,Hong Kong International,Tall aḑ Ḑamān,Syria,3:10 PM,Changi,La Playosa,Argentina,20.73,5/5/2025
AI7015,Air India,Fredek,Indira Gandhi International,Ambatolampy,Madagascar,5:26 AM,Chhatrapati Shivaji International,Gongji,China,8.2,10/23/2025
QR7511,Qatar Airways,Sheila-kathryn,Hamad International,Podkumskiy,Russia,5:18 PM,Bole International,Renko,Finland,20.49,8/14/2025
EK6800,Emirates,Goddart,Dubai International,Yengiawat,China,11:11 PM,Hamad International,Ljupina,Croatia,19.56,11/2/2025
BA4184,British Airways,Rodd,Heathrow,Ribeirão Preto,Brazil,4:37 PM,Charles de Gaulle,Cawayan,Philippines,17.83,10/12/2025
AI3088,Air India,Dory,Indira Gandhi International,Staryy Oskol,Russia,6:00 AM,Chhatrapati Shivaji International,Wichita,United States,13.47,11/8/2025
AI2399,Air India,Xena,Indira Gandhi International,Nyangao,Tanzania,4:02 AM,Chhatrapati Shivaji International,Walagar,Indonesia,21.72,6/20/2025
EK1492,Emirates,Knox,Dubai International,Almafuerte,Argentina,11:09 PM,Hamad International,Santa Cruz,Philippines,13.96,6/8/2025
LA4554,LATAM Airlines,Manfred,São Paulo/Guarulhos International,Shimoda,Japan,1:30 AM,Ministro Pistarini International,Pohang,South Korea,17.65,8/22/2025
LA5423,LATAM Airlines,Cammie,São Paulo/Guarulhos International,Babakanbungur,Indonesia,4:14 AM,Ministro Pistarini International,Tongliao,China,9.14,8/5/2025
NH3133,All Nippon Airways,Jerri,Haneda,Ārifwāla,Pakistan,11:10 PM,Incheon International,North Shore,New Zealand,19.67,7/10/2025
LH3906,Lufthansa,Butch,Frankfurt Airport,Bardiyā,Nepal,3:47 PM,Charles de Gaulle,Mežica,Slovenia,20.75,4/16/2026
SK9251,SAS Scandinavian,Judon,Copenhagen Airport,Baizhifang,China,8:54 AM,Charles de Gaulle,Cisewu,Indonesia,15.04,9/12/2025
TG2287,Thai Airways,Rufe,Suvarnabhumi,Luocun,China,7:51 PM,Changi,Bartica,Guyana,14.85,10/30/2025
AC7732,Air Canada,Nadya,Toronto Pearson,Il’inskiy Pogost,Russia,2:34 PM,Hartsfield-Jackson Atlanta,Altenberg bei Linz,Austria,2.6,6/30/2025
BA4087,British Airways,Jodi,Heathrow,Shilovo,Russia,3:52 AM,Charles de Gaulle,Bhāndāria,Bangladesh,14.51,12/27/2025
DL2397,Delta Air Lines,Silvano,John F. Kennedy International,Luzino,Poland,7:43 AM,Amsterdam Airport Schiphol,Tanghua,China,23.96,4/19/2026
TG6097,Thai Airways,Geoffrey,Suvarnabhumi,Cẩm Phả Mines,Vietnam,5:28 PM,Changi,Pazarić,Bosnia and Herzegovina,9.68,3/4/2026
DL5835,Delta Air Lines,Hayden,John F. Kennedy International,Stockholm,Sweden,9:49 PM,Benito Juárez International,Telheira,Portugal,2.44,3/18/2026
SQ6766,Singapore Airlines,Saloma,Changi,Kowang Utara,Indonesia,6:54 PM,Beijing Capital International,Kut Bak,Thailand,3.01,2/28/2026
LH4170,Lufthansa,Nelli,Frankfurt Airport,Peras Ruivas,Portugal,12:45 PM,Charles de Gaulle,Xiaofayi,China,10.34,8/12/2025
KE7714,Korean Air,Bartolemo,Incheon International,Särevere,Estonia,11:45 AM,Haneda,Gręboszów,Poland,21.03,2/20/2026
LA2799,LATAM Airlines,Lottie,São Paulo/Guarulhos International,Sóc Trăng,Vietnam,1:55 PM,Ministro Pistarini International,Magburaka,Sierra Leone,3.58,5/9/2025
AZ1464,Alitalia,Wain,Leonardo da Vinci International,Al Khawkhah,Yemen,2:25 AM,Charles de Gaulle,Huangqiao,China,7.57,6/3/2025
QR1805,Qatar Airways,Codie,Hamad International,Al Wāsiţah,Egypt,5:15 PM,Bole International,Toledo,United States,19.93,3/3/2026
ET5592,Ethiopian Airlines,Amalie,Bole International,Caopie,China,4:26 AM,Hamad International,Yashan,China,23.07,3/8/2026
BA8083,British Airways,Gweneth,Heathrow,Sarrebourg,France,10:37 AM,Adolfo Suárez Madrid–Barajas,Sparwood,Canada,1.19,10/10/2025
LA7200,LATAM Airlines,Kesley,São Paulo/Guarulhos International,El Pao,Venezuela,2:03 PM,Ministro Pistarini International,Pekalongan,Indonesia,9.52,2/16/2026
SQ8522,Singapore Airlines,Trudi,Changi,Svetlanovskiy,Russia,3:14 AM,Beijing Capital International,Chalcos,Peru,18.92,8/18/2025
QR5364,Qatar Airways,Tyrus,Hamad International,Ngeru,Indonesia,3:55 AM,Bole International,Wangpu,China,1.92,5/19/2025
SK9152,SAS Scandinavian,Moria,Copenhagen Airport,Taiping,China,11:54 PM,Charles de Gaulle,Lyon,France,13.0,2/25/2026
AM9111,Aeroméxico,Jessee,Benito Juárez International,Dushanbe,Tajikistan,3:02 PM,O'Hare International,Marseille,France,7.03,3/29/2026
AV1456,Avianca,Gustie,El Dorado International,Bom Despacho,Brazil,10:13 AM,Dallas/Fort Worth International,Heqian,China,15.89,11/26/2025
NH2978,All Nippon Airways,Goldi,Haneda,Shanmuqiao,China,4:27 AM,Hong Kong International,Wuping,China,14.54,8/7/2025
NH7322,All Nippon Airways,Terrye,Haneda,Wassu,Gambia,9:35 AM,Incheon International,Cocorná,Colombia,15.04,10/13/2025
LA1461,LATAM Airlines,Jourdan,São Paulo/Guarulhos International,Tibiri,Niger,2:19 AM,Ministro Pistarini International,Saijō,Japan,22.85,8/30/2025
QR2224,Qatar Airways,Orv,Hamad International,Skellefteå,Sweden,12:32 AM,Bole International,Shuangshipu,China,10.49,8/30/2025
QF5171,Qantas,Andrei,Sydney Airport,Morbatoh,Indonesia,6:12 PM,Melbourne Airport,Sittwe,Myanmar,20.14,6/3/2025
CX3579,Cathay Pacific,Gladys,Hong Kong International,Episkopí,Greece,12:06 PM,Changi,Krasnyy Oktyabr’,Russia,19.04,7/5/2025
CX5047,Cathay Pacific,Saudra,Hong Kong International,Sekarjalak,Indonesia,9:52 AM,Kuala Lumpur International,Mathba,Bangladesh,6.3,10/28/2025
NZ3355,Air New Zealand,Kalle,Auckland Airport,Tynne,Ukraine,11:50 PM,Haneda,Syracuse,United States,21.94,12/12/2025
LA1544,LATAM Airlines,Hazlett,São Paulo/Guarulhos International,Jagupit,Philippines,11:11 AM,Ministro Pistarini International,Johor Bahru,Malaysia,20.15,11/16/2025
IB8666,Iberia,Raine,Adolfo Suárez Madrid–Barajas,Villa Santa Rita,Argentina,5:12 AM,Charles de Gaulle,Huadian,China,16.1,10/8/2025
IB1247,Iberia,Tilly,Adolfo Suárez Madrid–Barajas,Biyang,China,9:39 PM,Charles de Gaulle,Wuchagou,China,16.91,12/15/2025
BA4570,British Airways,Erek,Heathrow,Bantengan,Indonesia,9:20 AM,Vancouver International,Lívingston,Guatemala,14.48,10/8/2025
KE6728,Korean Air,Branden,Incheon International,Tunggaoen Timur,Indonesia,6:29 PM,Bole International,Zaymishche,Russia,22.13,9/27/2025
NH1524,All Nippon Airways,Kipp,Haneda,Ciomas,Indonesia,9:07 PM,Hong Kong International,Manlio Fabio Altamirano,Mexico,11.39,2/28/2026
BA1583,British Airways,Lorin,Heathrow,Longzui,China,4:13 PM,Charles de Gaulle,Santa Clara,Cuba,11.44,6/24/2025
UA3568,United Airlines,Benn,Los Angeles International,Almelo,Netherlands,8:56 AM,San Francisco International,Esmeralda,Cuba,1.39,8/19/2025
QR5078,Qatar Airways,Fredra,Hamad International,Qinglong,China,7:13 AM,Ministro Pistarini International,Cibeunying,Indonesia,16.13,4/21/2026
QR6336,Qatar Airways,Raleigh,Hamad International,Pogórze,Poland,4:00 PM,Bole International,Maguilling,Philippines,5.57,1/17/2026
CX9713,Cathay Pacific,Ingaborg,Hong Kong International,Kadupinang,Indonesia,5:54 AM,Changi,Qinā,Egypt,4.21,8/14/2025
KL6129,KLM Royal Dutch Airlines,Felizio,Amsterdam Airport Schiphol,Athy,Ireland,10:19 PM,Charles de Gaulle,Żółkiewka,Poland,15.03,10/19/2025
KL3616,KLM Royal Dutch Airlines,Ariadne,Amsterdam Airport Schiphol,Urambo,Tanzania,8:21 AM,Charles de Gaulle,Ronggo,Indonesia,8.45,8/3/2025
AF4739,Air France,Shela,Charles de Gaulle,Dziewin,Poland,3:00 PM,Dubai International,Santaluz,Brazil,23.5,11/14/2025
UA9016,United Airlines,Glendon,Los Angeles International,Palena,Chile,5:47 PM,San Francisco International,Zeya,Russia,4.41,11/18/2025
SA4783,South African Airways,Araldo,O.R. Tambo International,Bishkek,Kyrgyzstan,4:52 PM,Frankfurt Airport,Chong’ansi,China,6.93,2/7/2026
SK5197,SAS Scandinavian,Rodd,Copenhagen Airport,Bakaran Kulon,Indonesia,8:45 PM,Vienna International,Dongfanghong,China,5.19,9/4/2025
TG3547,Thai Airways,Jere,Suvarnabhumi,Bern,Switzerland,2:51 PM,Indira Gandhi International,Nanmen,China,18.51,1/22/2026
CX3624,Cathay Pacific,Clemens,Hong Kong International,Dumalinao,Philippines,1:06 AM,Changi,Las Palmas,Mexico,23.28,5/27/2025
AA9129,American Airlines,Boot,John F. Kennedy International,La Guadalupe,Mexico,6:42 PM,Hartsfield-Jackson Atlanta,Daji,China,19.17,1/4/2026
SA2712,South African Airways,Abbe,O.R. Tambo International,Mansôa,Guinea-Bissau,11:08 PM,Charles de Gaulle,Calibishie,Dominica,9.98,3/8/2026
AI6015,Air India,Justino,Indira Gandhi International,Melun,France,5:41 AM,Dubai International,Ferraz de Vasconcelos,Brazil,22.78,12/7/2025
AV7378,Avianca,Holly,El Dorado International,Martakert,Azerbaijan,4:01 PM,O.R. Tambo International,Mangseng,Indonesia,23.68,8/4/2025
QR9377,Qatar Airways,Willey,Hamad International,Gereshk,Afghanistan,6:58 AM,Bole International,Mayo,Philippines,15.25,2/4/2026
AC2255,Air Canada,Fenelia,Toronto Pearson,Al Hadā,Saudi Arabia,9:51 PM,John F. Kennedy International,Pingpu,China,2.96,2/2/2026
NH5534,All Nippon Airways,Halimeda,Haneda,Rasūlnagar,Pakistan,12:49 AM,Incheon International,Tanjungbatu,Indonesia,20.12,12/28/2025
QF1141,Qantas,Fifine,Sydney Airport,Birštonas,Lithuania,6:19 PM,Melbourne Airport,Weiting,China,8.73,1/7/2026
NZ7779,Air New Zealand,Mathian,Auckland Airport,Pingshan,China,4:26 AM,Sydney Airport,Orahovac,Kosovo,10.42,6/1/2025
AA1824,American Airlines,Joseph,John F. Kennedy International,Río Tercero,Argentina,7:33 AM,Dallas/Fort Worth International,Muravlenko,Russia,8.08,1/13/2026
AC9441,Air Canada,Violetta,Toronto Pearson,Shicong,China,7:05 PM,John F. Kennedy International,Buchlovice,Czech Republic,3.99,3/12/2026
IB3680,Iberia,Cary,Adolfo Suárez Madrid–Barajas,Bassano,Canada,12:49 AM,Charles de Gaulle,Taghazout,Morocco,2.97,4/27/2025
EK1649,Emirates,Greg,Dubai International,Shilu,China,5:45 AM,Hamad International,Kaliuda,Indonesia,9.63,5/23/2025
IB4266,Iberia,Reynold,Adolfo Suárez Madrid–Barajas,Talhār,Pakistan,12:00 AM,Charles de Gaulle,Izyaslav,Ukraine,5.46,12/15/2025
QF4696,Qantas,Sissie,Sydney Airport,Tirmiz,Uzbekistan,6:11 PM,Charles de Gaulle,Owo,Nigeria,5.41,5/30/2025
SA7702,South African Airways,Cesare,O.R. Tambo International,Chekmagush,Russia,8:18 AM,Charles de Gaulle,El Banco,Colombia,1.09,3/1/2026
AA5793,American Airlines,Justinian,John F. Kennedy International,Chernelytsya,Ukraine,11:46 AM,Hartsfield-Jackson Atlanta,Petare,Venezuela,13.8,12/2/2025
IB9642,Iberia,Leena,Adolfo Suárez Madrid–Barajas,Kota Kinabalu,Malaysia,2:05 PM,Charles de Gaulle,Huaiya,China,5.89,7/11/2025
DL4972,Delta Air Lines,Roxane,John F. Kennedy International,Syevyerodonets’k,Ukraine,5:52 PM,Hartsfield-Jackson Atlanta,Betong,Thailand,9.31,7/8/2025
NZ3010,Air New Zealand,Marice,Auckland Airport,Tsarychanka,Ukraine,9:46 PM,Sydney Airport,Patrída,Greece,22.25,5/22/2025
AF6875,Air France,Gabriellia,Charles de Gaulle,Sydney,Australia,10:28 PM,Melbourne Airport,Saint-Fargeau-Ponthierry,France,12.13,10/29/2025
LH5685,Lufthansa,Nobie,Frankfurt Airport,Sucre,Ecuador,6:41 PM,Stockholm Arlanda,Waterloo,Sierra Leone,6.15,11/21/2025
AC3869,Air Canada,Lucie,Toronto Pearson,Évreux,France,12:21 PM,John F. Kennedy International,Kafir Qala,Afghanistan,5.86,5/19/2025
AI4651,Air India,Danie,Indira Gandhi International,Galatás,Greece,5:46 AM,Chhatrapati Shivaji International,Sumber,Indonesia,23.09,3/24/2026
AI2783,Air India,Tobiah,Indira Gandhi International,L'Épiphanie,Canada,12:40 AM,Chhatrapati Shivaji International,Luobei,China,16.38,8/16/2025
KE2015,Korean Air,Roxane,Incheon International,Luoyang,China,12:44 PM,Haneda,Cabangahan,Philippines,17.51,10/23/2025
SK9544,SAS Scandinavian,Brandie,Copenhagen Airport,Maripipi,Philippines,9:12 AM,Charles de Gaulle,Rennes,France,8.1,4/16/2026
KL5073,KLM Royal Dutch Airlines,Domeniga,Amsterdam Airport Schiphol,Alto de São Sebastião,Portugal,8:49 AM,Benito Juárez International,Domanín,Czech Republic,4.78,2/5/2026
WN9725,Southwest Airlines,Garvy,Los Angeles International,Vidoši,Bosnia and Herzegovina,2:06 PM,San Francisco International,Uzlovaya,Russia,13.19,11/6/2025
LH3115,Lufthansa,Bartolomeo,Frankfurt Airport,Hirara,Japan,6:04 PM,Jorge Chávez International,Korczew,Poland,14.3,8/29/2025
LH8277,Lufthansa,Darcey,Frankfurt Airport,Blantyre,Malawi,9:11 AM,San Francisco International,Xiqi,China,10.97,8/20/2025
AI1775,Air India,Constancy,Indira Gandhi International,Monchegorsk,Russia,11:14 AM,Arturo Merino Benítez International,Tekikbanyuurip,Indonesia,17.56,3/26/2026
KL2424,KLM Royal Dutch Airlines,Cloris,Amsterdam Airport Schiphol,Taoudenni,Mali,4:35 PM,Stockholm Arlanda,Mislak,Indonesia,3.87,4/17/2026
DL7030,Delta Air Lines,Adrien,John F. Kennedy International,Örnsköldsvik,Sweden,5:24 AM,Hartsfield-Jackson Atlanta,Trŭn,Bulgaria,14.45,11/30/2025
IB3113,Iberia,Kennedy,Adolfo Suárez Madrid–Barajas,Nova Olímpia,Brazil,12:29 PM,Sydney Airport,Al Madīd,Yemen,23.35,11/27/2025
WN7177,Southwest Airlines,Marion,Los Angeles International,Tasböget,Kazakhstan,2:03 PM,John F. Kennedy International,Wutongkou,China,10.81,2/28/2026
BA6099,British Airways,Ber,Heathrow,Shijak,Albania,12:37 PM,Hamad International,Mancogeh,Indonesia,15.48,10/24/2025
KL7530,KLM Royal Dutch Airlines,Renaldo,Amsterdam Airport Schiphol,San Andres,Philippines,6:54 PM,Charles de Gaulle,Frederiksberg,Denmark,17.27,5/31/2025
SQ5679,Singapore Airlines,Renelle,Changi,Caticugan,Philippines,10:06 PM,Beijing Capital International,Dedenëvo,Russia,15.02,10/25/2025
AC4071,Air Canada,Cairistiona,Toronto Pearson,Sumbe,Angola,10:20 PM,Logan International,Jarinu,Brazil,6.36,5/18/2025
DL8058,Delta Air Lines,Orv,John F. Kennedy International,Huayan,China,7:46 PM,Hartsfield-Jackson Atlanta,Morani,Macedonia,17.4,5/24/2025
IB3208,Iberia,Niles,Adolfo Suárez Madrid–Barajas,Jiji,China,6:26 AM,Charles de Gaulle,Sotouboua,Togo,5.09,9/11/2025
NH8283,All Nippon Airways,Minna,Haneda,Guangfu,China,4:21 PM,Incheon International,Chilly-Mazarin,France,7.5,12/25/2025
AI8875,Air India,Marlin,Indira Gandhi International,Elektrėnai,Lithuania,8:08 AM,Chhatrapati Shivaji International,Nikolina Gora,Russia,3.25,11/16/2025
EK3851,Emirates,Harley,Dubai International,Novomichurinsk,Russia,9:21 PM,Frankfurt Airport,Urayasu,Japan,11.66,11/20/2025
CX3235,Cathay Pacific,Dorene,Hong Kong International,Delodpeken,Indonesia,2:16 PM,Changi,Sandachō,Japan,8.15,9/1/2025
NZ2102,Air New Zealand,Viole,Auckland Airport,Tajrīsh,Iran,12:01 PM,Sydney Airport,Novotroitsk,Russia,15.09,6/17/2025
CX1675,Cathay Pacific,Devlen,Hong Kong International,Ryōtsu-minato,Japan,8:02 AM,Incheon International,Huochang,China,23.72,12/23/2025
KL6466,KLM Royal Dutch Airlines,Yance,Amsterdam Airport Schiphol,Sobinka,Russia,1:05 PM,Charles de Gaulle,Bayt Liqyā,Palestinian Territory,4.28,8/21/2025
AM9560,Aeroméxico,Kingsly,Benito Juárez International,Krajan Sumurtawang,Indonesia,6:39 PM,Adolfo Suárez Madrid–Barajas,Tagbacan Ibaba,Philippines,14.44,2/5/2026
NH3493,All Nippon Airways,Tabatha,Haneda,Denov,Uzbekistan,8:49 AM,Incheon International,Schaan,Liechtenstein,6.94,12/6/2025
AI3634,Air India,Julie,Indira Gandhi International,Azinhal,Portugal,7:01 AM,Chhatrapati Shivaji International,Gunajaya,Indonesia,19.6,9/14/2025
ET4024,Ethiopian Airlines,Randall,Bole International,Yangqing,China,10:54 PM,Leonardo da Vinci International,Mainang,Indonesia,9.67,1/30/2026
ET9389,Ethiopian Airlines,Bobina,Bole International,Kovářov,Czech Republic,12:47 PM,Hamad International,Mouzáki,Greece,2.05,8/6/2025
TG7029,Thai Airways,Lona,Suvarnabhumi,Tayu,Indonesia,6:38 AM,Changi,Fengjia,China,18.1,6/28/2025
SA4845,South African Airways,Louie,O.R. Tambo International,Molsheim,France,1:38 AM,Charles de Gaulle,Jinling,China,11.81,2/14/2026
SQ7992,Singapore Airlines,Sonnnie,Changi,Sanxi,China,7:00 AM,Brisbane Airport,Alpūrai,Pakistan,9.97,1/16/2026
QR5341,Qatar Airways,Marcela,Hamad International,Bressuire,France,7:48 AM,Bole International,Maha Sarakham,Thailand,8.17,7/17/2025
QR9282,Qatar Airways,Klement,Hamad International,Mamer,Luxembourg,2:43 PM,Adolfo Suárez Madrid–Barajas,Santo Amador,Portugal,9.59,10/3/2025
AV3280,Avianca,Cyrus,El Dorado International,Komsomolets,Kazakhstan,4:49 PM,O'Hare International,Al Majāridah,Saudi Arabia,14.87,11/8/2025
BA1599,British Airways,Traver,Heathrow,Hexi,China,5:03 AM,Charles de Gaulle,Whitegate,Ireland,9.32,8/24/2025
TG7299,Thai Airways,Jason,Suvarnabhumi,Aiguo,China,12:49 PM,Changi,Nasielsk,Poland,18.55,10/29/2025
KE6371,Korean Air,Leann,Incheon International,Tengah,Indonesia,7:13 PM,Haneda,Själevad,Sweden,17.66,7/23/2025
WN7177,Southwest Airlines,Travis,Los Angeles International,Huainan,China,12:02 AM,John F. Kennedy International,Sośnicowice,Poland,8.14,7/21/2025
NH7997,All Nippon Airways,Gonzales,Haneda,Bila,Bosnia and Herzegovina,3:24 PM,São Paulo/Guarulhos International,Žalec,Slovenia,13.9,8/9/2025
AV9484,Avianca,Dewitt,El Dorado International,Ljungby,Sweden,6:27 PM,O'Hare International,Carmen,Philippines,23.82,6/26/2025
AZ4341,Alitalia,Lorain,Leonardo da Vinci International,Gaoliang,China,4:58 AM,Frankfurt Airport,Domartang,China,22.68,7/13/2025
LH1604,Lufthansa,Gwennie,Frankfurt Airport,Liuhe,China,4:01 AM,Charles de Gaulle,Peski,Russia,20.31,8/15/2025
LH5061,Lufthansa,Gerik,Frankfurt Airport,Maştağa,Azerbaijan,12:54 PM,Charles de Gaulle,Grande Cache,Canada,3.78,5/22/2025
AF5759,Air France,Rona,Charles de Gaulle,Biñan,Philippines,10:17 AM,Frankfurt Airport,Al Ḩawāmidīyah,Egypt,17.6,8/29/2025
LH5129,Lufthansa,Cam,Frankfurt Airport,Balaogan,Philippines,8:53 AM,Stockholm Arlanda,Mafa,Nigeria,21.47,4/22/2026
DL9400,Delta Air Lines,Igor,John F. Kennedy International,Kebon Tengah,Indonesia,9:03 AM,Hartsfield-Jackson Atlanta,Yoichi,Japan,16.06,12/20/2025
SK5355,SAS Scandinavian,Trace,Copenhagen Airport,La Concepción,Nicaragua,4:00 AM,Charles de Gaulle,Kumbo,Cameroon,22.87,9/30/2025
AA7899,American Airlines,Quentin,John F. Kennedy International,Kurgan,Russia,12:37 AM,Hartsfield-Jackson Atlanta,Pamiers,France,11.51,6/26/2025
TG4099,Thai Airways,Augusto,Suvarnabhumi,Wijewo,Poland,4:23 PM,Brisbane Airport,Youwei,China,21.28,7/31/2025
NH6772,All Nippon Airways,Tabbatha,Haneda,Guling,China,8:21 AM,Dallas/Fort Worth International,Khursā,Palestinian Territory,9.11,12/9/2025
KL6524,KLM Royal Dutch Airlines,Shena,Amsterdam Airport Schiphol,Young,Uruguay,8:28 AM,Cape Town International,Wenchang,China,22.67,8/1/2025
NH2007,All Nippon Airways,Trude,Haneda,Zašová,Czech Republic,6:29 PM,Incheon International,Kasamatsuchō,Japan,9.38,7/12/2025
QR6498,Qatar Airways,Pierce,Hamad International,Guaratinguetá,Brazil,12:31 PM,Bole International,Rancakole,Indonesia,8.51,9/26/2025
AI6358,Air India,Luz,Indira Gandhi International,Sinop,Brazil,5:22 PM,Chhatrapati Shivaji International,Tafí del Valle,Argentina,14.88,3/17/2026
QF4565,Qantas,Vince,Sydney Airport,Morazán,Honduras,12:46 AM,Melbourne Airport,Alavus,Finland,21.28,7/9/2025
NH8164,All Nippon Airways,Raleigh,Haneda,Maoya,China,8:35 AM,Leonardo da Vinci International,Ngadri,Indonesia,4.16,9/27/2025
NZ3899,Air New Zealand,Theodore,Auckland Airport,Sharga,Mongolia,2:40 PM,Sydney Airport,Huancheng,China,13.18,10/30/2025
ET6593,Ethiopian Airlines,Margret,Bole International,Conceição da Feira,Brazil,9:32 PM,Changi,Matabao,Philippines,3.76,10/22/2025
NZ6707,Air New Zealand,Timoteo,Auckland Airport,Sasaguri,Japan,4:42 PM,Sydney Airport,San Marcos,Mexico,4.07,5/20/2025
EK5658,Emirates,Loren,Dubai International,Novogornyy,Russia,1:43 PM,Hamad International,Redakodi,Indonesia,19.51,12/8/2025
TG1041,Thai Airways,Dennie,Suvarnabhumi,Bokong Timur,Indonesia,9:10 PM,Changi,Hovorany,Czech Republic,7.94,6/10/2025
ET6504,Ethiopian Airlines,Katya,Bole International,Moxi,China,10:29 AM,Hamad International,Wichit,Thailand,1.7,4/11/2026
LA9044,LATAM Airlines,Ulrich,São Paulo/Guarulhos International,Hadžići,Bosnia and Herzegovina,10:56 PM,Benito Juárez International,Dougang,China,1.62,5/12/2025
AA7284,American Airlines,Rosalinda,John F. Kennedy International,Novosmolinskiy,Russia,4:38 AM,Los Angeles International,Raub,Malaysia,20.78,10/2/2025
AF1748,Air France,Tove,Charles de Gaulle,Agía Paraskeví,Greece,11:38 AM,Frankfurt Airport,Ban Phue,Thailand,18.69,6/23/2025
KL4500,KLM Royal Dutch Airlines,Abie,Amsterdam Airport Schiphol,Cabedelo,Brazil,3:16 AM,Charles de Gaulle,Napier,New Zealand,16.09,4/12/2026
NH9438,All Nippon Airways,Basia,Haneda,Trat,Thailand,2:00 AM,Hong Kong International,Amiens,France,9.79,5/12/2025
AF4268,Air France,Gennifer,Charles de Gaulle,Fengping,China,12:55 PM,Frankfurt Airport,Weixin,China,8.17,3/6/2026
NH5700,All Nippon Airways,Leda,Haneda,Kolç,Albania,8:08 AM,Hartsfield-Jackson Atlanta,Valle Grande,Argentina,7.76,4/6/2026
SQ8334,Singapore Airlines,Francesca,Changi,Bayt Sīrā,Palestinian Territory,6:12 PM,Beijing Capital International,Anadia,Portugal,6.85,9/15/2025
AC2304,Air Canada,Lorna,Toronto Pearson,Tarczyn,Poland,2:22 PM,Miami International,Uarini,Brazil,10.83,3/18/2026
IB5832,Iberia,Doloritas,Adolfo Suárez Madrid–Barajas,Nagoselo do Douro,Portugal,7:47 AM,Charles de Gaulle,Betzdorf,Luxembourg,14.78,5/4/2025
QF3865,Qantas,Brena,Sydney Airport,El Quebrachal,Argentina,3:05 AM,Melbourne Airport,Yaruchel,Honduras,15.3,12/31/2025
AC3191,Air Canada,Bard,Toronto Pearson,Kostyantynivka,Ukraine,5:30 PM,John F. Kennedy International,Kuybyshevo,Russia,14.24,4/15/2026
NZ2195,Air New Zealand,Randal,Auckland Airport,Surin,Thailand,5:29 AM,Sydney Airport,Tršić,Serbia,10.77,10/3/2025
SK3640,SAS Scandinavian,Clemens,Copenhagen Airport,Veliki Grđevac,Croatia,4:28 AM,Charles de Gaulle,Baltimore,United States,8.07,10/29/2025
QR6336,Qatar Airways,Tarrance,Hamad International,Tigbinan,Philippines,12:34 PM,Bole International,Miasskoye,Russia,13.03,3/14/2026
BA3676,British Airways,Heriberto,Heathrow,Ínfias,Portugal,4:56 PM,Charles de Gaulle,Hînceşti,Moldova,2.45,4/6/2026
UA4382,United Airlines,Malanie,Los Angeles International,Čair,Macedonia,2:05 PM,San Francisco International,Paris 03,France,18.91,5/2/2025
LA7268,LATAM Airlines,Judas,São Paulo/Guarulhos International,El Gouna,Egypt,1:47 PM,Ministro Pistarini International,Jatisari,Indonesia,7.69,2/22/2026
KL9667,KLM Royal Dutch Airlines,Enrichetta,Amsterdam Airport Schiphol,Xincheng Chengguanzhen,China,6:10 PM,Charles de Gaulle,Lafayette,United States,5.62,8/20/2025
CX4569,Cathay Pacific,Nissa,Hong Kong International,Buzen,Japan,1:58 PM,Changi,Riyom,Nigeria,7.39,8/27/2025
QF8287,Qantas,Jemimah,Sydney Airport,Kulykiv,Ukraine,3:53 PM,Melbourne Airport,Suwaluh,Indonesia,11.78,10/12/2025
NZ8312,Air New Zealand,Arvin,Auckland Airport,København,Denmark,1:13 AM,Hong Kong International,Saint-Amand-les-Eaux,France,17.32,5/11/2025
AV9282,Avianca,Solly,El Dorado International,Karang Daye,Indonesia,10:43 PM,Jorge Chávez International,Charleston,United States,8.2,3/2/2026
AM2579,Aeroméxico,Brinn,Benito Juárez International,Sandaowan,China,5:06 PM,Hartsfield-Jackson Atlanta,Gunungmanik,Indonesia,19.98,9/14/2025
DL5703,Delta Air Lines,Amil,John F. Kennedy International,Grand Forks,United States,12:43 AM,Seattle-Tacoma International,Xiaheqing,China,8.2,9/18/2025
ET7368,Ethiopian Airlines,Faythe,Bole International,Florencia,Cuba,10:14 AM,Hamad International,Hongmiao,China,4.53,2/7/2026
QR2115,Qatar Airways,Marchall,Hamad International,Gumawang,Indonesia,3:10 AM,Bole International,Baranów,Poland,3.76,5/1/2025
WN2160,Southwest Airlines,Gerrie,Los Angeles International,Agrelo,Portugal,6:01 AM,John F. Kennedy International,Lang,China,13.16,1/13/2026
AF1042,Air France,Laureen,Charles de Gaulle,Teluksantong,Indonesia,2:43 AM,Frankfurt Airport,Pabean,Indonesia,14.93,8/22/2025
SQ4272,Singapore Airlines,Geordie,Changi,Djibouti,Djibouti,8:13 AM,Brisbane Airport,Balakasap,Indonesia,16.21,4/30/2025
KL7081,KLM Royal Dutch Airlines,Vidovic,Amsterdam Airport Schiphol,Cana Chapetón,Dominican Republic,11:39 PM,Charles de Gaulle,Wuluquele,China,12.5,9/4/2025
LH3189,Lufthansa,Mil,Frankfurt Airport,Paluan,Philippines,5:50 PM,Charles de Gaulle,Belang,Indonesia,18.34,11/18/2025
AI1516,Air India,Adrian,Indira Gandhi International,Xinhang,China,12:16 AM,Kuala Lumpur International,Krasni Okny,Ukraine,6.59,11/12/2025
AI4858,Air India,Caz,Indira Gandhi International,Cabeço,Portugal,4:37 AM,Chhatrapati Shivaji International,Ljungbyholm,Sweden,8.78,12/25/2025
QR5695,Qatar Airways,Tybalt,Hamad International,Ifon,Nigeria,3:13 AM,Chhatrapati Shivaji International,Pedro Betancourt,Cuba,13.53,5/25/2025
BA3052,British Airways,Alyce,Heathrow,Saki,Nigeria,2:31 AM,Charles de Gaulle,Sudimoro,Indonesia,3.07,4/3/2026
NH8283,All Nippon Airways,Esteban,Haneda,Kiruna,Sweden,2:57 PM,Incheon International,Tëplaya Gora,Russia,17.4,7/15/2025
TG7834,Thai Airways,Brnaba,Suvarnabhumi,Kamaishi,Japan,10:35 AM,Ministro Pistarini International,Minante Segundo,Philippines,1.62,8/8/2025
SA2079,South African Airways,Aron,O.R. Tambo International,Livadiya,Ukraine,2:58 PM,Charles de Gaulle,Tangxi,China,16.63,10/16/2025
IB8421,Iberia,Phillida,Adolfo Suárez Madrid–Barajas,Lopatyn,Ukraine,3:28 PM,Chhatrapati Shivaji International,Añatuya,Argentina,14.49,4/1/2026
AI6757,Air India,Agna,Indira Gandhi International,Sangumata,Indonesia,6:26 AM,Incheon International,Luoluopu,China,9.1,11/2/2025
DL2791,Delta Air Lines,Loni,John F. Kennedy International,Ad Dann,Yemen,10:05 PM,São Paulo/Guarulhos International,Chơn Thành,Vietnam,2.09,12/17/2025
NZ3167,Air New Zealand,Baily,Auckland Airport,Léfka,Cyprus,1:27 PM,Sydney Airport,Berck,France,1.88,12/19/2025
TG7094,Thai Airways,Brewster,Suvarnabhumi,Singa,Peru,8:06 PM,Changi,Agogo,Ghana,12.08,12/12/2025
IB5209,Iberia,Nancie,Adolfo Suárez Madrid–Barajas,Rudky,Ukraine,9:52 PM,Dubai International,Makungu,Tanzania,21.0,8/14/2025
NH4808,All Nippon Airways,Frances,Haneda,Bin’an,China,5:57 PM,Incheon International,San Antonio de Los Altos,Venezuela,21.78,3/5/2026
QR3479,Qatar Airways,Codie,Hamad International,Liuheng,China,4:50 AM,Bole International,Jiaokui,China,6.77,5/13/2025
AC3468,Air Canada,Margarita,Toronto Pearson,Gadzhiyevo,Russia,6:31 PM,John F. Kennedy International,Kamenický Šenov,Czech Republic,2.51,8/20/2025
DL9497,Delta Air Lines,Robina,John F. Kennedy International,Basak,Philippines,2:37 PM,Hartsfield-Jackson Atlanta,Ketapang,Indonesia,9.7,3/6/2026
NH8129,All Nippon Airways,Rowena,Haneda,Hetang,China,7:31 AM,Incheon International,Saint-Brieuc,France,12.4,9/30/2025
AM8764,Aeroméxico,Guendolen,Benito Juárez International,Changning,China,6:14 AM,O'Hare International,Jingdu,China,17.36,9/15/2025
CX2045,Cathay Pacific,Fanya,Hong Kong International,Banī Suhaylā,Palestinian Territory,8:06 PM,Changi,Prokop’yevsk,Russia,10.49,4/19/2026
SK3607,SAS Scandinavian,Claudetta,Copenhagen Airport,Hwange,Zimbabwe,9:11 PM,Leonardo da Vinci International,Lidingö,Sweden,9.64,9/20/2025
AI3868,Air India,Deny,Indira Gandhi International,Bangus Kulon,Indonesia,3:19 PM,Chhatrapati Shivaji International,Al Jīzah,Jordan,16.1,6/9/2025
AA4031,American Airlines,Minda,John F. Kennedy International,Galleh Manda,Gambia,10:17 PM,Hartsfield-Jackson Atlanta,Fajã de Cima,Portugal,22.28,8/5/2025
LA8264,LATAM Airlines,Eydie,São Paulo/Guarulhos International,Oslo,Norway,8:44 AM,Ministro Pistarini International,Hengshitang,China,10.4,12/7/2025
QR4365,Qatar Airways,Kellyann,Hamad International,Examília,Greece,8:33 AM,Benito Juárez International,Sakaiminato,Japan,5.56,6/10/2025
IB5906,Iberia,Brit,Adolfo Suárez Madrid–Barajas,Nanwai,China,6:38 AM,Charles de Gaulle,Las Vegas,Honduras,13.08,11/29/2025
AF2581,Air France,Annalee,Charles de Gaulle,Kérkyra,Greece,10:17 PM,Frankfurt Airport,Bantarpanjang,Indonesia,9.74,10/4/2025
NZ8106,Air New Zealand,Binnie,Auckland Airport,Plandi,Indonesia,8:14 AM,Sydney Airport,Churubamba,Peru,21.54,12/21/2025
KL7951,KLM Royal Dutch Airlines,Justen,Amsterdam Airport Schiphol,Mrgavan,Armenia,5:01 PM,Charles de Gaulle,Bolaoit,Philippines,2.95,7/22/2025
IB3568,Iberia,Tybie,Adolfo Suárez Madrid–Barajas,Ashiya,Japan,10:37 PM,Logan International,Meixi,China,6.44,2/24/2026
SQ1487,Singapore Airlines,Blair,Changi,Karangranjong,Indonesia,3:25 PM,Beijing Capital International,Sandovo,Russia,5.54,11/6/2025
AM2471,Aeroméxico,Rudie,Benito Juárez International,Wuxia,China,2:19 AM,O'Hare International,Budagovo,Russia,20.85,10/25/2025
LA1545,LATAM Airlines,Elysia,São Paulo/Guarulhos International,Sokobanteng,Indonesia,8:46 PM,Ministro Pistarini International,Chirpan,Bulgaria,10.69,5/22/2025
IB5832,Iberia,Kendall,Adolfo Suárez Madrid–Barajas,Mstów,Poland,8:01 AM,Charles de Gaulle,Cikandang,Indonesia,10.5,4/19/2026
WN2783,Southwest Airlines,Adelina,Los Angeles International,Maunuri,Indonesia,12:55 PM,San Francisco International,Gubuk Daya,Indonesia,19.11,6/17/2025
DL2477,Delta Air Lines,Templeton,John F. Kennedy International,Rowotengah,Indonesia,10:09 PM,Hartsfield-Jackson Atlanta,Hanfeng,China,4.17,2/19/2026
LA9660,LATAM Airlines,Drugi,São Paulo/Guarulhos International,Pingdu,China,1:09 AM,Ministro Pistarini International,San Francisco,Mexico,4.66,9/14/2025
AV9166,Avianca,Merrill,El Dorado International,Cut-cut Primero,Philippines,4:22 AM,Denver International,Mělník,Czech Republic,1.56,6/26/2025
AA2173,American Airlines,Marlene,John F. Kennedy International,Baipu,China,11:06 AM,Hartsfield-Jackson Atlanta,Batas Barat,Indonesia,7.23,3/29/2026
AV1168,Avianca,Lida,El Dorado International,Ciparasi,Indonesia,3:51 PM,O'Hare International,Vyksa,Russia,10.23,4/25/2026
NH8398,All Nippon Airways,Eveleen,Haneda,Cabarroguis,Philippines,2:32 PM,Incheon International,Wau,Papua New Guinea,8.37,3/31/2026
IB8996,Iberia,Kattie,Adolfo Suárez Madrid–Barajas,Huanghu,China,5:19 AM,Charles de Gaulle,Áno Kopanákion,Greece,13.09,10/21/2025
SQ9022,Singapore Airlines,Meaghan,Changi,Parang,Philippines,3:28 PM,Beijing Capital International,Heshi,China,5.2,4/3/2026
EK4968,Emirates,Amby,Dubai International,Leiyang,China,7:27 AM,Jomo Kenyatta International,Baiyang,China,15.99,10/31/2025
SA1461,South African Airways,Paulie,O.R. Tambo International,Oslo,Norway,3:42 PM,Indira Gandhi International,Tisul’,Russia,13.44,5/20/2025
AZ1933,Alitalia,Ellynn,Leonardo da Vinci International,Dishnā,Egypt,9:57 AM,Indira Gandhi International,Jönköping,Sweden,22.54,11/20/2025
AM6221,Aeroméxico,Shoshana,Benito Juárez International,Cabanbanan,Philippines,7:43 AM,O'Hare International,Kushar,Yemen,14.06,11/6/2025
IB5628,Iberia,Arie,Adolfo Suárez Madrid–Barajas,Mayumba,Gabon,8:46 AM,Vienna International,Olovyannaya,Russia,6.36,7/15/2025
NZ8863,Air New Zealand,Tania,Auckland Airport,Kalianget,Indonesia,3:22 AM,Melbourne Airport,Maguilling,Philippines,11.15,11/27/2025
TG3007,Thai Airways,Amandie,Suvarnabhumi,Santa Helena,Brazil,3:43 AM,Changi,Tuburan,Philippines,13.31,9/13/2025
WN2211,Southwest Airlines,Abbie,Los Angeles International,Dongyuan,China,10:41 AM,San Francisco International,Zubūbah,Palestinian Territory,21.98,9/3/2025
NZ9000,Air New Zealand,Pru,Auckland Airport,Rutana,Burundi,11:35 PM,Munich Airport,Babakansari,Indonesia,2.22,8/26/2025
AC4673,Air Canada,Rhodie,Toronto Pearson,Samoljica,Serbia,6:49 PM,Arturo Merino Benítez International,El Peñol,Colombia,9.21,8/11/2025
IB9186,Iberia,Tatum,Adolfo Suárez Madrid–Barajas,Butiama,Tanzania,11:18 PM,Cape Town International,Donji Vakuf,Bosnia and Herzegovina,22.08,8/20/2025
LA2475,LATAM Airlines,Tiffie,São Paulo/Guarulhos International,Mori,Japan,7:25 AM,O.R. Tambo International,Valença do Douro,Portugal,7.5,10/17/2025
NH5534,All Nippon Airways,Juieta,Haneda,Kaduseeng,Indonesia,8:24 AM,Incheon International,Debre Sīna,Ethiopia,19.74,12/20/2025
KE1526,Korean Air,Simone,Incheon International,Nova Venécia,Brazil,8:48 AM,Chhatrapati Shivaji International,Har Nur,China,4.11,6/8/2025
QF5089,Qantas,Wandis,Sydney Airport,Zhengdun,China,2:55 AM,Melbourne Airport,Affery,Ivory Coast,1.87,5/1/2025
AF3357,Air France,Randie,Charles de Gaulle,Sibay,Russia,2:11 AM,Cape Town International,Manna,Indonesia,12.59,8/21/2025
QR7768,Qatar Airways,Carlotta,Hamad International,Uttar Char Fasson,Bangladesh,2:07 AM,Bole International,Fort McMurray,Canada,14.54,11/29/2025
SQ8769,Singapore Airlines,Shepard,Changi,Siuna,Nicaragua,1:48 PM,Beijing Capital International,Cuijiaqiao,China,3.32,10/4/2025
KL9709,KLM Royal Dutch Airlines,Lind,Amsterdam Airport Schiphol,Sunne,Sweden,4:56 AM,Copenhagen Airport,Andong,South Korea,18.57,4/22/2026
QF6150,Qantas,Bron,Sydney Airport,Tong’an,China,4:54 PM,Melbourne Airport,Mtwara,Tanzania,9.41,11/6/2025
AA6702,American Airlines,Linn,John F. Kennedy International,Langue,Honduras,5:47 PM,Hartsfield-Jackson Atlanta,Panguruan,Indonesia,9.39,5/11/2025
AV4964,Avianca,Rania,El Dorado International,Tanjungpati,Indonesia,8:46 AM,O'Hare International,Krzyżanowice,Poland,14.82,4/29/2025
KE9732,Korean Air,Cristobal,Incheon International,Khānaqāh,Afghanistan,4:51 PM,Haneda,Richmond,United States,7.9,5/4/2025
KE7989,Korean Air,Bernetta,Incheon International,Aguas Verdes,Peru,4:59 PM,Haneda,Casa Quemada,Honduras,21.77,6/24/2025
CX9766,Cathay Pacific,Anselm,Hong Kong International,Boleszkowice,Poland,3:53 PM,Changi,Pyhäselkä,Finland,15.72,7/12/2025
AZ3195,Alitalia,Mellisa,Leonardo da Vinci International,Sapiranga,Brazil,8:09 AM,Charles de Gaulle,Jikamshi,Nigeria,1.84,9/20/2025
UA4821,United Airlines,Trumann,Los Angeles International,Severoural’sk,Russia,2:27 PM,Cape Town International,Sampit,Indonesia,5.73,3/27/2026
AF1768,Air France,Sam,Charles de Gaulle,Bangkle,Indonesia,10:27 AM,Vienna International,Chaínça,Portugal,7.75,7/7/2025
QF8539,Qantas,Sharity,Sydney Airport,Horizonte,Brazil,3:47 AM,Incheon International,Gunung Timur,Indonesia,7.88,1/30/2026
AF5759,Air France,Stephannie,Charles de Gaulle,Amarillo,United States,10:37 PM,Frankfurt Airport,Gal’bshtadt,Russia,19.7,4/18/2026
IB4338,Iberia,Sheffy,Adolfo Suárez Madrid–Barajas,Mae Hi,Thailand,4:28 AM,Charles de Gaulle,Pérez,Argentina,22.0,11/15/2025
AZ2773,Alitalia,Floris,Leonardo da Vinci International,Bingerville,Ivory Coast,9:23 AM,Charles de Gaulle,Telsen,Argentina,21.87,10/16/2025
SK7444,SAS Scandinavian,Jorry,Copenhagen Airport,Chuqui Chuqui,Bolivia,11:35 PM,Charles de Gaulle,Maromitsa,Russia,12.5,5/11/2025
WN5918,Southwest Airlines,Katerine,Los Angeles International,Guicheng,China,3:41 AM,Denver International,Mithi,Pakistan,1.46,12/29/2025
TG3765,Thai Airways,Robers,Suvarnabhumi,Bethlehem,Palestinian Territory,9:04 AM,Sydney Airport,Zvenigorod,Russia,6.9,5/28/2025
WN2544,Southwest Airlines,Arnaldo,Los Angeles International,Emiliano Zapata,Mexico,9:34 AM,San Francisco International,Quilpué,Chile,20.82,1/26/2026
AC2255,Air Canada,Der,Toronto Pearson,Providencia,Colombia,9:47 AM,John F. Kennedy International,Pashkovskiy,Russia,15.54,6/17/2025
NZ9663,Air New Zealand,Merrie,Auckland Airport,Tambo,Philippines,2:15 PM,Sydney Airport,Bandar-e Ganāveh,Iran,10.84,6/4/2025
NH7338,All Nippon Airways,Iseabal,Haneda,Kotawaikabubak,Indonesia,12:51 PM,Incheon International,Votorantim,Brazil,17.56,8/2/2025
AI2096,Air India,Willem,Indira Gandhi International,Dmitrov,Russia,2:50 PM,Chhatrapati Shivaji International,Loštice,Czech Republic,15.72,4/29/2025
AF3413,Air France,Carena,Charles de Gaulle,Gllogjan,Kosovo,5:16 PM,John F. Kennedy International,Farafangana,Madagascar,21.6,6/26/2025
TG9054,Thai Airways,Estelle,Suvarnabhumi,Divnoye,Russia,7:44 PM,Changi,Marseille,France,2.93,10/6/2025
QF9304,Qantas,Kaiser,Sydney Airport,Aconibe,Equatorial Guinea,3:18 AM,Brisbane Airport,Sumberejo,Indonesia,20.93,6/1/2025
UA8466,United Airlines,Leyla,Los Angeles International,Itaparica,Brazil,1:58 AM,John F. Kennedy International,Lin’an,China,19.46,1/24/2026
WN9242,Southwest Airlines,Theodora,Los Angeles International,Nelazskoye,Russia,2:44 PM,San Francisco International,Baracatan,Philippines,16.63,1/31/2026
AF6122,Air France,Eddy,Charles de Gaulle,Santa Isabel,Brazil,1:05 AM,Brisbane Airport,Pinar del Río,Cuba,23.4,8/19/2025
AZ7862,Alitalia,Worthington,Leonardo da Vinci International,Kaa-Khem,Russia,7:01 PM,Charles de Gaulle,Đức Phong,Vietnam,16.48,10/27/2025
UA5241,United Airlines,Rosalie,Los Angeles International,Tinta,Peru,7:27 PM,San Francisco International,Soukkouma,Laos,21.49,5/27/2025
BA3914,British Airways,Aldo,Heathrow,Gaohe,China,4:08 AM,Charles de Gaulle,Westonaria,South Africa,2.31,2/26/2026
TG4328,Thai Airways,Marcie,Suvarnabhumi,Aachen,Germany,3:35 AM,Changi,Tílisos,Greece,3.23,4/13/2026
LH8063,Lufthansa,Farleigh,Frankfurt Airport,Gelemso,Ethiopia,1:32 AM,Adolfo Suárez Madrid–Barajas,Zhongzhai,China,18.54,3/30/2026
AA3211,American Airlines,Heath,John F. Kennedy International,El Corozal,Honduras,1:44 AM,Hartsfield-Jackson Atlanta,Dukuh,Indonesia,9.47,12/13/2025
LA7043,LATAM Airlines,Hewett,São Paulo/Guarulhos International,Lipovci,Slovenia,12:49 AM,Ministro Pistarini International,Wangying,China,12.45,8/23/2025
AA1980,American Airlines,Ora,John F. Kennedy International,Finspång,Sweden,8:35 AM,Hartsfield-Jackson Atlanta,Singosari,Indonesia,9.95,6/29/2025
AC9922,Air Canada,Madge,Toronto Pearson,Khadyzhensk,Russia,6:12 AM,Arturo Merino Benítez International,Jastrowie,Poland,20.62,7/29/2025
AZ5348,Alitalia,Alain,Leonardo da Vinci International,Sogamoso,Colombia,9:48 PM,Charles de Gaulle,Baixo Guandu,Brazil,3.25,6/25/2025
SQ7016,Singapore Airlines,Aleksandr,Changi,Daming,China,5:11 AM,Beijing Capital International,Del Pilar,Philippines,1.79,9/11/2025
KE4403,Korean Air,Violante,Incheon International,La Cruz,Argentina,7:23 PM,Haneda,Ica,Peru,7.58,4/12/2026
AZ6288,Alitalia,Wolf,Leonardo da Vinci International,Gaohu,China,5:12 PM,Charles de Gaulle,Salamá,Honduras,16.57,10/28/2025
UA3319,United Airlines,Alison,Los Angeles International,Bunawan,Philippines,7:37 PM,San Francisco International,Blois,France,9.96,12/28/2025
EK2269,Emirates,Jerrylee,Dubai International,Gaotian,China,4:17 AM,Hamad International,Yangirabot,Uzbekistan,13.79,5/31/2025
AV4699,Avianca,Adrianna,El Dorado International,Tul’chyn,Ukraine,1:21 AM,O'Hare International,Vredefort,South Africa,2.61,2/14/2026
QF5453,Qantas,Brendin,Sydney Airport,Thị Trấn Bắc Yên,Vietnam,7:34 AM,Melbourne Airport,Granada,Nicaragua,15.46,12/18/2025
SQ7791,Singapore Airlines,Lem,Changi,Jabon,Indonesia,3:52 AM,Beijing Capital International,København,Denmark,9.07,3/17/2026
AI9055,Air India,Rick,Indira Gandhi International,Sakai,Japan,3:03 PM,Chhatrapati Shivaji International,Pępowo,Poland,22.88,6/1/2025
KL2988,KLM Royal Dutch Airlines,Christine,Amsterdam Airport Schiphol,Hanjia,China,1:13 PM,Charles de Gaulle,Covão,Portugal,15.64,5/22/2025
EK7996,Emirates,Lorri,Dubai International,Suzano,Brazil,8:41 PM,Hamad International,Tikhoretsk,Russia,19.24,9/11/2025
SK4478,SAS Scandinavian,Margaretha,Copenhagen Airport,Kamba,Nigeria,6:23 AM,Heathrow,Sutton,United Kingdom,19.38,6/9/2025
AI8824,Air India,Iggie,Indira Gandhi International,Sirdaryo,Uzbekistan,12:13 PM,Chhatrapati Shivaji International,Taoyuan,China,8.14,5/18/2025
NH6666,All Nippon Airways,Nollie,Haneda,Debar,Macedonia,12:01 PM,Incheon International,Xiaheqing,China,19.67,2/6/2026
NZ8550,Air New Zealand,Jeddy,Auckland Airport,Pizhma,Russia,2:24 AM,Sydney Airport,Thị Trấn Nho Quan,Vietnam,10.74,3/10/2026
UA8466,United Airlines,Hedda,Los Angeles International,Leping,China,8:56 AM,John F. Kennedy International,Jinshan,China,23.02,7/4/2025
WN9690,Southwest Airlines,Corbett,Los Angeles International,Ducheng,China,7:12 PM,San Francisco International,Souziqiu,China,18.78,9/23/2025
CX1675,Cathay Pacific,Ali,Hong Kong International,Sintra,Portugal,5:53 PM,Incheon International,Iniö,Finland,12.49,7/28/2025
KL8615,KLM Royal Dutch Airlines,Evangelia,Amsterdam Airport Schiphol,Monastyrshchina,Russia,10:56 PM,Frankfurt Airport,Tanjung,Indonesia,19.95,6/13/2025
AA1385,American Airlines,Corliss,John F. Kennedy International,Meipu,China,12:18 PM,Hartsfield-Jackson Atlanta,Pocito,Argentina,4.9,3/10/2026
UA6725,United Airlines,Sinclair,Los Angeles International,Taliouine,Morocco,8:45 PM,San Francisco International,Zhentian,China,20.7,5/6/2025
WN9446,Southwest Airlines,Camille,Los Angeles International,Kadengan,Indonesia,10:44 AM,San Francisco International,Melrose,Mauritius,21.35,9/11/2025
AI2682,Air India,Georges,Indira Gandhi International,Xianglan,China,12:44 PM,Chhatrapati Shivaji International,Las Flores,Mexico,14.96,5/25/2025
QF5679,Qantas,Nanci,Sydney Airport,Hekou,China,4:32 PM,Melbourne Airport,Partizansk,Russia,12.66,7/8/2025
SA5364,South African Airways,Lorilee,O.R. Tambo International,Popovice,Czech Republic,11:09 AM,Charles de Gaulle,Malakwal City,Pakistan,22.25,10/22/2025
AZ1859,Alitalia,Gavin,Leonardo da Vinci International,Pucheng,China,9:35 AM,Vienna International,Zimmi,Sierra Leone,20.65,3/4/2026
NZ4344,Air New Zealand,Anni,Auckland Airport,Jardia,Portugal,10:18 PM,Sydney Airport,Baláo,Ecuador,15.36,10/3/2025
AI9907,Air India,Wilhelmine,Indira Gandhi International,Chư Ty,Vietnam,9:28 AM,Chhatrapati Shivaji International,Náousa,Greece,17.69,6/4/2025
KL6990,KLM Royal Dutch Airlines,Bernetta,Amsterdam Airport Schiphol,Mbalmayo,Cameroon,5:40 PM,Charles de Gaulle,Belanting,Indonesia,15.97,6/21/2025
LA9044,LATAM Airlines,Caryn,São Paulo/Guarulhos International,Bumirejo,Indonesia,5:07 PM,Benito Juárez International,Erada,Portugal,9.85,8/24/2025
KL4572,KLM Royal Dutch Airlines,Sigmund,Amsterdam Airport Schiphol,Jambu,Indonesia,5:28 PM,Charles de Gaulle,Cama Juan,Philippines,23.42,8/11/2025
QF1241,Qantas,Noell,Sydney Airport,København,Denmark,3:45 AM,Melbourne Airport,Bakalang,Indonesia,7.83,5/11/2025
QF7414,Qantas,Shell,Sydney Airport,Santiago De Compostela,Spain,7:37 PM,Beijing Capital International,Qazax,Azerbaijan,8.8,7/22/2025
NZ5940,Air New Zealand,Archibaldo,Auckland Airport,Isdalstø,Norway,4:18 PM,Sydney Airport,Pantin,France,5.69,3/17/2026
AV1831,Avianca,Rab,El Dorado International,Sekartaji,Indonesia,1:09 AM,Heathrow,Jokkmokk,Sweden,5.12,3/14/2026
IB8280,Iberia,Giacobo,Adolfo Suárez Madrid–Barajas,Outeiro,Portugal,1:37 AM,Munich Airport,Janeng,Botswana,7.47,8/19/2025
ET8279,Ethiopian Airlines,Arv,Bole International,Babagan,Indonesia,3:03 AM,Leonardo da Vinci International,Litvínovice,Czech Republic,19.93,5/16/2025
NZ7946,Air New Zealand,Tatiania,Auckland Airport,San Miguel,Philippines,7:34 AM,Sydney Airport,Owen Sound,Canada,9.39,6/20/2025
NH1262,All Nippon Airways,Neal,Haneda,Cigembong,Indonesia,4:08 AM,Incheon International,Runsonglaozhai,China,6.67,11/8/2025
EK2243,Emirates,Doris,Dubai International,Le Hochet,Mauritius,4:57 AM,Hamad International,Vailoatai,American Samoa,19.23,1/19/2026
UA4821,United Airlines,Daveen,Los Angeles International,Old Shinyanga,Tanzania,7:19 PM,Cape Town International,Capivari,Brazil,19.97,5/3/2025
CX3169,Cathay Pacific,Peirce,Hong Kong International,Zhanbei,China,10:26 AM,Hartsfield-Jackson Atlanta,Episkopí,Greece,14.5,10/29/2025
KL2077,KLM Royal Dutch Airlines,Cchaddie,Amsterdam Airport Schiphol,Dongkeng,China,11:17 PM,Charles de Gaulle,Alamar,Cuba,9.19,5/2/2025
NH7569,All Nippon Airways,Finn,Haneda,Vällingby,Sweden,10:50 PM,Incheon International,Nekhayevskiy,Russia,13.11,11/12/2025
UA5483,United Airlines,Westbrook,Los Angeles International,Conselheiro Lafaiete,Brazil,1:24 AM,San Francisco International,Palykavichy Pyershyya,Belarus,11.33,4/26/2026
SQ5805,Singapore Airlines,Orsa,Changi,Guangang,China,11:34 AM,Beijing Capital International,General Levalle,Argentina,8.05,6/11/2025
SQ4852,Singapore Airlines,Richard,Changi,Krasnokholm,Russia,5:52 PM,Frankfurt Airport,Cipadung Timur,Indonesia,9.55,2/25/2026
ET3932,Ethiopian Airlines,Adolphus,Bole International,Hörby,Sweden,4:21 AM,Leonardo da Vinci International,Xianlin,China,16.08,12/18/2025
AZ9387,Alitalia,Carol-jean,Leonardo da Vinci International,Salvador,Portugal,2:42 PM,Charles de Gaulle,Rosebank,South Africa,6.29,8/30/2025
TG4162,Thai Airways,Jeremiah,Suvarnabhumi,Vishnyakovskiye Dachi,Russia,2:10 AM,Changi,Neuilly-sur-Seine,France,4.68,7/15/2025
KE6939,Korean Air,Katharyn,Incheon International,Słupsk,Poland,7:21 AM,Haneda,Burgersfort,South Africa,6.15,11/8/2025
EK1553,Emirates,Killie,Dubai International,Padre Paraíso,Brazil,6:34 PM,Hamad International,Yaojiagou,China,10.73,6/2/2025
SA8759,South African Airways,Krystyna,O.R. Tambo International,Wonokerto,Indonesia,2:57 PM,Charles de Gaulle,Ouro Preto,Brazil,16.26,3/4/2026
LH4177,Lufthansa,Dukey,Frankfurt Airport,Cachipay,Colombia,6:38 PM,Charles de Gaulle,Guandian,China,15.23,8/25/2025
NZ8005,Air New Zealand,Addie,Auckland Airport,Washington,United States,3:42 PM,Sydney Airport,Lanlacuni Bajo,Peru,20.07,6/27/2025
WN9115,Southwest Airlines,Russ,Los Angeles International,Shendang,China,1:02 AM,San Francisco International,Buchlovice,Czech Republic,11.91,5/23/2025
AF5655,Air France,Emmit,Charles de Gaulle,Zahedan,Iran,7:44 AM,Bole International,Xinjiezi,China,21.56,5/2/2025
KL3207,KLM Royal Dutch Airlines,Lucho,Amsterdam Airport Schiphol,Jinglou,China,12:54 AM,Vienna International,Kampong Chhnang,Cambodia,15.64,11/26/2025
UA3321,United Airlines,Thedric,Los Angeles International,Bantogon,Philippines,7:32 AM,Vancouver International,Tyvriv,Ukraine,4.27,3/30/2026
AM1013,Aeroméxico,Jamie,Benito Juárez International,Chamical,Argentina,3:02 PM,Denver International,Janowiec,Poland,6.64,4/16/2026
NZ1208,Air New Zealand,Meagan,Auckland Airport,Oganlima,Indonesia,12:53 PM,Beijing Capital International,Santiago De Compostela,Spain,3.85,4/1/2026
AM9072,Aeroméxico,Jocko,Benito Juárez International,Nabari,Japan,6:55 AM,Hamad International,Gnojnica,Bosnia and Herzegovina,19.14,5/12/2025
DL4493,Delta Air Lines,Alfonso,John F. Kennedy International,Sonsón,Colombia,2:33 AM,Vienna International,Paris 16,France,13.79,5/12/2025
LA1827,LATAM Airlines,Ethan,São Paulo/Guarulhos International,Mpongwe,Zambia,10:40 PM,Ministro Pistarini International,Proletar,Tajikistan,2.05,5/9/2025
AM8497,Aeroméxico,Burr,Benito Juárez International,Chonchi,Chile,8:04 PM,O'Hare International,Gambarjati,Indonesia,14.94,11/4/2025
AM6666,Aeroméxico,Calida,Benito Juárez International,Istres,France,7:18 AM,O'Hare International,Radiměř,Czech Republic,16.37,8/6/2025
IB9630,Iberia,Tynan,Adolfo Suárez Madrid–Barajas,Bafoulabé,Mali,3:36 PM,Charles de Gaulle,Brive-la-Gaillarde,France,20.17,6/8/2025
AZ5549,Alitalia,Lauri,Leonardo da Vinci International,Seaton,United Kingdom,10:27 PM,Charles de Gaulle,Orodo,Nigeria,2.32,10/9/2025
IB1460,Iberia,Zeb,Adolfo Suárez Madrid–Barajas,Morales,Colombia,11:59 AM,Charles de Gaulle,Olival Basto,Portugal,11.44,10/3/2025
DL3595,Delta Air Lines,Mirabella,John F. Kennedy International,Zhongying,China,4:58 PM,Hartsfield-Jackson Atlanta,Kradinan,Indonesia,14.6,4/29/2025
KE3828,Korean Air,Maurene,Incheon International,Dankama,Nigeria,2:47 PM,Haneda,Longshan,China,2.34,1/30/2026
CX7552,Cathay Pacific,Nealon,Hong Kong International,Seboruco,Venezuela,11:46 AM,Changi,Dongshangen,China,1.4,2/28/2026
CX4224,Cathay Pacific,Tish,Hong Kong International,Fontem,Cameroon,4:54 PM,Changi,Bhawāna,Pakistan,7.91,4/9/2026
KL2709,KLM Royal Dutch Airlines,Tabbatha,Amsterdam Airport Schiphol,Guinsadan,Philippines,4:42 AM,Miami International,Bluefields,Nicaragua,9.01,5/9/2025
NZ2829,Air New Zealand,Wildon,Auckland Airport,Naudero,Pakistan,9:07 PM,Haneda,Reutlingen,Germany,14.03,4/17/2026
QF4855,Qantas,Emalia,Sydney Airport,Noyakert,Armenia,1:31 PM,Melbourne Airport,Warri,Nigeria,19.38,11/13/2025
AZ7413,Alitalia,Celle,Leonardo da Vinci International,Sainte-Geneviève-des-Bois,France,6:54 PM,Charles de Gaulle,Pekuwon,Indonesia,9.13,8/26/2025
AF1326,Air France,Laura,Charles de Gaulle,Bijia,China,3:46 AM,Arturo Merino Benítez International,Loimaan Kunta,Finland,12.76,3/8/2026
AV3870,Avianca,Sarah,El Dorado International,Bagumbayan,Philippines,1:58 AM,Denver International,Hengshan,China,15.32,9/2/2025
DL2500,Delta Air Lines,Katina,John F. Kennedy International,Dapawan,Philippines,1:52 PM,Hartsfield-Jackson Atlanta,Shaft,Iran,15.7,2/20/2026
WN5349,Southwest Airlines,Shoshanna,Los Angeles International,Lazaro Cardenas,Mexico,10:12 PM,San Francisco International,Shelabolikha,Russia,2.6,5/19/2025
NZ8860,Air New Zealand,Antonie,Auckland Airport,Huanchillas,Argentina,9:51 AM,Charles de Gaulle,K’ulashi,Georgia,10.27,1/10/2026
IB7753,Iberia,Binni,Adolfo Suárez Madrid–Barajas,Loket,Czech Republic,10:22 PM,Charles de Gaulle,Budapest,Hungary,11.65,4/23/2026
AM7823,Aeroméxico,Ivonne,Benito Juárez International,Calvário,Portugal,1:10 AM,O'Hare International,Shashūbay,Kazakhstan,6.24,6/25/2025
KL1170,KLM Royal Dutch Airlines,Eddie,Amsterdam Airport Schiphol,Kikerino,Russia,7:01 PM,Charles de Gaulle,Jovellar,Philippines,22.52,4/4/2026
UA5107,United Airlines,Shawnee,Los Angeles International,Limbalod,Philippines,4:27 PM,Amsterdam Airport Schiphol,Widuchowa,Poland,19.9,11/9/2025
AZ8963,Alitalia,Kirsten,Leonardo da Vinci International,Koper,Slovenia,8:13 AM,Munich Airport,Padangguci,Indonesia,9.25,9/8/2025
SA3890,South African Airways,Roxi,O.R. Tambo International,Cartí Suitupo,Panama,11:14 PM,Charles de Gaulle,Watublapi,Indonesia,21.53,5/24/2025
WN5430,Southwest Airlines,Raimundo,Los Angeles International,Frederiksberg,Denmark,2:03 PM,San Francisco International,Gendiwu,Indonesia,8.82,3/24/2026
KL6888,KLM Royal Dutch Airlines,Leeanne,Amsterdam Airport Schiphol,Paupanda Bawah,Indonesia,6:01 PM,Charles de Gaulle,Sanchahe,China,3.48,12/15/2025
DL2657,Delta Air Lines,Fredericka,John F. Kennedy International,Ust’-Omchug,Russia,7:36 PM,Hartsfield-Jackson Atlanta,Huochang,China,5.17,6/28/2025
BA2485,British Airways,Gallard,Heathrow,Kvitok,Russia,1:40 PM,Suvarnabhumi,Xucheng,China,12.73,9/25/2025
SQ1217,Singapore Airlines,Veronica,Changi,Pandean,Indonesia,12:14 AM,Beijing Capital International,Dankama,Nigeria,8.25,5/5/2025
TG2562,Thai Airways,Chadwick,Suvarnabhumi,Lille,France,10:36 PM,Kuala Lumpur International,Brandfort,South Africa,23.3,3/10/2026
TG5091,Thai Airways,Catriona,Suvarnabhumi,Pingsha,China,9:26 AM,Changi,Bulu,Philippines,1.76,6/22/2025
UA1453,United Airlines,Reina,Los Angeles International,Sibiti,Republic of the Congo,10:13 AM,San Francisco International,"Palmas De Gran Canaria, Las",Spain,4.15,4/19/2026
CX8812,Cathay Pacific,Adria,Hong Kong International,Castlebellingham,Ireland,5:21 AM,Changi,Morioka-shi,Japan,7.68,4/28/2025
AF8075,Air France,Rooney,Charles de Gaulle,Vilkija,Lithuania,12:57 AM,Frankfurt Airport,Moulay Bouchta,Morocco,6.05,10/18/2025
AM3135,Aeroméxico,Arvin,Benito Juárez International,San Rafael,Philippines,6:07 AM,O'Hare International,Rzhev,Russia,6.78,11/25/2025
QF2814,Qantas,Brant,Sydney Airport,Hyesan-dong,North Korea,2:12 PM,Melbourne Airport,Jiwei,China,7.81,4/1/2026
AF7087,Air France,Ruperto,Charles de Gaulle,Seattle,United States,12:07 AM,Frankfurt Airport,Derbur,China,8.41,1/21/2026
NH7338,All Nippon Airways,Yule,Haneda,Kakuda,Japan,5:52 AM,Incheon International,Krajan Curahcotok,Indonesia,13.58,1/18/2026
KE6405,Korean Air,Clay,Incheon International,Hyltebruk,Sweden,6:44 AM,Haneda,Dzhalka,Russia,11.76,11/29/2025
QR4886,Qatar Airways,Che,Hamad International,Podporozh’ye,Russia,2:50 AM,Bole International,Rizal,Philippines,6.07,3/21/2026
UA4990,United Airlines,Angelita,Los Angeles International,Heze,China,11:02 AM,San Francisco International,Niopanda,Indonesia,14.37,10/9/2025
IB5209,Iberia,Aurthur,Adolfo Suárez Madrid–Barajas,Kołbiel,Poland,5:27 PM,Dubai International,Cruzeiro,Portugal,2.07,6/1/2025
LA3204,LATAM Airlines,Bernie,São Paulo/Guarulhos International,Sélestat,France,3:27 PM,Ministro Pistarini International,Cikomara,Indonesia,17.66,1/29/2026
IB9227,Iberia,Julie,Adolfo Suárez Madrid–Barajas,Hexi,China,4:39 AM,Charles de Gaulle,Hepingyizu,China,22.19,11/6/2025
AI3818,Air India,Else,Indira Gandhi International,Inhumas,Brazil,6:48 AM,Chhatrapati Shivaji International,Železný Brod,Czech Republic,18.49,12/5/2025
KE3096,Korean Air,Ware,Incheon International,Isyangulovo,Russia,6:29 AM,Frankfurt Airport,Yandian,China,1.63,4/7/2026
AI6834,Air India,Parke,Indira Gandhi International,Guarapuava,Brazil,12:01 PM,Chhatrapati Shivaji International,Jamundí,Colombia,12.82,6/25/2025
SQ5766,Singapore Airlines,Merla,Changi,Srednebelaya,Russia,5:50 PM,Beijing Capital International,Lagoaça,Portugal,11.49,1/28/2026
NZ1091,Air New Zealand,Amelina,Auckland Airport,Baclayon,Philippines,10:05 PM,Sydney Airport,Plereyan,Indonesia,3.63,6/15/2025
UA6626,United Airlines,Joel,Los Angeles International,Kwikila,Papua New Guinea,11:06 AM,San Francisco International,Wangshi,China,2.99,1/16/2026
AA9999,American Airlines,Locke,John F. Kennedy International,Qarqaraly,Kazakhstan,5:44 PM,Hartsfield-Jackson Atlanta,Antou,China,7.57,2/8/2026
IB3042,Iberia,Shurlocke,Adolfo Suárez Madrid–Barajas,Arrah,Ivory Coast,12:56 PM,Vienna International,San Jose,Mexico,10.67,9/1/2025
UA5184,United Airlines,Wallis,Los Angeles International,Porto Ferreira,Brazil,9:56 PM,San Francisco International,Yangxi,China,17.82,8/31/2025
AV9918,Avianca,Blair,El Dorado International,Zahlé,Lebanon,6:13 AM,Los Angeles International,Arrën,Albania,5.32,12/28/2025
NH5739,All Nippon Airways,Bridgette,Haneda,Borovlyany,Belarus,12:22 AM,Incheon International,Leduc,Canada,15.08,6/27/2025
NH2468,All Nippon Airways,Shelbi,Haneda,Tonggu,China,12:01 PM,Incheon International,Klang,Malaysia,11.17,8/4/2025
WN4001,Southwest Airlines,Kris,Los Angeles International,Qi’an,China,12:52 PM,Zurich Airport,Mangseng,Indonesia,4.67,2/8/2026
CX5205,Cathay Pacific,Adorne,Hong Kong International,Kohila,Estonia,10:25 AM,Dallas/Fort Worth International,Jiantiao,China,5.66,7/5/2025
SA3736,South African Airways,Lorin,O.R. Tambo International,Thanh Nê,Vietnam,3:52 AM,Amsterdam Airport Schiphol,Kobelyaky,Ukraine,13.12,8/23/2025
AA7975,American Airlines,Kermy,John F. Kennedy International,Cruzeiro,Brazil,12:16 AM,Hartsfield-Jackson Atlanta,Sam Chuk,Thailand,13.98,4/26/2026
LH7474,Lufthansa,Verile,Frankfurt Airport,Imeni Babushkina,Russia,6:58 AM,Cairo International,Mora,Sweden,22.5,3/29/2026
AZ4071,Alitalia,Gerda,Leonardo da Vinci International,Halle,Germany,12:03 AM,Haneda,Santa Bárbara,Venezuela,7.84,4/29/2025
AZ2051,Alitalia,Selestina,Leonardo da Vinci International,Pavia,Portugal,4:29 AM,Charles de Gaulle,Medan,Indonesia,20.84,6/23/2025
UA9753,United Airlines,Wadsworth,Los Angeles International,Bamenda,Cameroon,2:02 PM,San Francisco International,Waldbredimus,Luxembourg,4.91,11/23/2025
WN3039,Southwest Airlines,Jeanine,Los Angeles International,Lyubar,Ukraine,1:47 AM,San Francisco International,Siayan,Philippines,22.69,3/30/2026
LA1344,LATAM Airlines,Israel,São Paulo/Guarulhos International,Manikchari,Bangladesh,6:01 PM,Ministro Pistarini International,Bhairāhawā,Nepal,5.39,4/10/2026
AA5136,American Airlines,Orbadiah,John F. Kennedy International,Pervomays’k,Ukraine,11:15 PM,Hartsfield-Jackson Atlanta,Krajan Ngrambingan,Indonesia,11.18,1/4/2026
SK1381,SAS Scandinavian,Broderic,Copenhagen Airport,Haarlem,Netherlands,11:33 PM,Charles de Gaulle,Yayao,China,1.94,5/20/2025
LH8760,Lufthansa,Agustin,Frankfurt Airport,Dunaújváros,Hungary,12:58 PM,Charles de Gaulle,Kunów,Poland,16.07,4/4/2026
ET2814,Ethiopian Airlines,Juditha,Bole International,Log,Russia,2:47 PM,Munich Airport,Ystad,Sweden,23.97,12/21/2025
WN4295,Southwest Airlines,Rodi,Los Angeles International,Nazareth,Israel,3:21 AM,Denver International,Onomichi,Japan,4.15,8/22/2025
AM5249,Aeroméxico,Donelle,Benito Juárez International,Santa Cruz do Bispo,Portugal,6:19 PM,Melbourne Airport,Sobral,Brazil,18.94,6/19/2025
KL2554,KLM Royal Dutch Airlines,Harp,Amsterdam Airport Schiphol,Sobo,Indonesia,11:09 PM,Leonardo da Vinci International,Vale Mourão,Portugal,12.29,4/11/2026
IB8449,Iberia,Francklin,Adolfo Suárez Madrid–Barajas,Las Tablas,Panama,7:36 PM,Hartsfield-Jackson Atlanta,Scarborough,Trinidad and Tobago,22.57,3/21/2026
BA7967,British Airways,Clair,Heathrow,Guayabo Dulce,Dominican Republic,2:30 PM,Charles de Gaulle,Miami Beach,United States,14.79,10/10/2025
AF3874,Air France,Bartolomeo,Charles de Gaulle,Artybash,Russia,4:25 AM,Frankfurt Airport,Raga,South Sudan,2.48,2/14/2026
ET1693,Ethiopian Airlines,Agata,Bole International,Gosen,Japan,10:37 PM,Hamad International,Miki,Japan,21.81,10/13/2025
TG3007,Thai Airways,Jamie,Suvarnabhumi,Swords,Ireland,4:51 PM,Changi,Cogtong,Philippines,23.0,7/13/2025
EK1268,Emirates,Aurore,Dubai International,Melville,Canada,2:48 PM,Indira Gandhi International,Zaragoza,Spain,5.48,2/18/2026
QR8188,Qatar Airways,Vaclav,Hamad International,Waiklibang,Indonesia,7:37 AM,Bole International,Tucupita,Venezuela,2.39,9/5/2025
KE6218,Korean Air,Thatcher,Incheon International,Parion,Philippines,10:12 AM,Haneda,Sukapura,Indonesia,20.03,5/31/2025
QF2199,Qantas,Theo,Sydney Airport,Matanzas,Dominican Republic,3:49 PM,Melbourne Airport,Hantsavichy,Belarus,7.66,9/7/2025
AC2475,Air Canada,Cymbre,Toronto Pearson,Marseille,France,3:44 AM,John F. Kennedy International,Aoji-ri,North Korea,1.97,4/11/2026
ET1504,Ethiopian Airlines,Laney,Bole International,Yongfeng,China,9:21 AM,Munich Airport,Jerez,Guatemala,22.5,12/30/2025
SQ8522,Singapore Airlines,Norean,Changi,Buta,Democratic Republic of the Congo,2:56 AM,Beijing Capital International,Yanzhao,China,20.38,3/6/2026
SK7694,SAS Scandinavian,Junette,Copenhagen Airport,Orguz,Bosnia and Herzegovina,9:34 PM,Charles de Gaulle,Bielawa,Poland,2.45,8/24/2025
AI6865,Air India,Maitilde,Indira Gandhi International,Guimba,Philippines,6:42 PM,Dubai International,Saint-Louis du Nord,Haiti,16.54,7/29/2025
AA3895,American Airlines,Belle,John F. Kennedy International,Carmen,Philippines,5:54 AM,Hartsfield-Jackson Atlanta,Hpa-an,Myanmar,10.56,12/28/2025
SK4443,SAS Scandinavian,Marne,Copenhagen Airport,Banjar Brahmanabukit,Indonesia,3:38 PM,Melbourne Airport,Mayskiy,Russia,21.05,1/28/2026
WN8288,Southwest Airlines,Ninon,Los Angeles International,Cruzeiro,Portugal,11:43 PM,Vancouver International,Mílos,Greece,23.3,5/31/2025
SA2979,South African Airways,Sutton,O.R. Tambo International,Jalalaqsi,Somalia,7:47 PM,Charles de Gaulle,Bachowice,Poland,4.33,12/24/2025
NZ2679,Air New Zealand,Cyndi,Auckland Airport,Albi,France,10:10 AM,Sydney Airport,Łobez,Poland,19.65,3/9/2026
SK2916,SAS Scandinavian,Milly,Copenhagen Airport,Miyako,Japan,3:26 PM,Charles de Gaulle,Chợ Mới,Vietnam,11.97,4/12/2026
WN5918,Southwest Airlines,Karee,Los Angeles International,Xarardheere,Somalia,4:40 AM,Denver International,Donja Mahala,Bosnia and Herzegovina,1.3,1/18/2026
IB8449,Iberia,Cindee,Adolfo Suárez Madrid–Barajas,Houxiang,China,10:29 AM,Hartsfield-Jackson Atlanta,Dongfeng,China,15.4,12/2/2025
LH7426,Lufthansa,Sharai,Frankfurt Airport,Binglincha,China,10:20 AM,Charles de Gaulle,Kétou,Benin,12.52,2/15/2026
QR4989,Qatar Airways,Justis,Hamad International,Nuits-Saint-Georges,France,4:38 PM,Bole International,Labuan,Malaysia,4.51,3/10/2026
UA9176,United Airlines,Nicolette,Los Angeles International,Klyuchi,Russia,3:54 AM,Heathrow,Dzhalilabad,Azerbaijan,6.27,9/15/2025
BA3052,British Airways,Lethia,Heathrow,Hāsilpur,Pakistan,4:36 AM,Charles de Gaulle,Чегране,Macedonia,9.98,3/8/2026
DL4980,Delta Air Lines,Cozmo,John F. Kennedy International,Nilanapo,Indonesia,8:39 AM,Hartsfield-Jackson Atlanta,Dārāb,Iran,20.37,6/1/2025
QF2150,Qantas,Davina,Sydney Airport,Sulahan,Indonesia,5:49 AM,Melbourne Airport,Fuxing,China,15.66,5/9/2025
NH2640,All Nippon Airways,Addi,Haneda,Krajan Curahcotok,Indonesia,7:52 PM,Incheon International,La Tebaida,Colombia,21.68,5/27/2025
AA5793,American Airlines,Agnella,John F. Kennedy International,Jiulong,China,11:10 AM,Hartsfield-Jackson Atlanta,Solsona,Philippines,9.74,9/13/2025
SK5934,SAS Scandinavian,David,Copenhagen Airport,Mira,Portugal,10:50 PM,Charles de Gaulle,Xinshi,China,10.92,7/9/2025
AM3700,Aeroméxico,Winfield,Benito Juárez International,Harbour Breton,Canada,12:14 PM,Los Angeles International,Imaichi,Japan,1.6,3/28/2026
LA7080,LATAM Airlines,Alix,São Paulo/Guarulhos International,Montpellier,France,4:40 AM,Ministro Pistarini International,Dolní Černilov,Czech Republic,19.86,10/11/2025
UA9630,United Airlines,Shirl,Los Angeles International,Hāfizābād,Pakistan,6:28 AM,John F. Kennedy International,‘Ayn Ḩalāqīm,Syria,3.55,3/30/2026
AM3307,Aeroméxico,Ryun,Benito Juárez International,Huanxi,China,4:08 AM,O'Hare International,Collingwood,Canada,11.82,9/28/2025
DL3040,Delta Air Lines,Brooke,John F. Kennedy International,Mukayrās,Yemen,3:57 PM,Miami International,Bun Barat,Indonesia,9.68,11/27/2025
ET3932,Ethiopian Airlines,Berenice,Bole International,Banjar Bucu,Indonesia,5:35 AM,Leonardo da Vinci International,Burirao,Philippines,1.49,2/2/2026
SA5126,South African Airways,Gavra,O.R. Tambo International,Muḩradah,Syria,7:06 AM,Charles de Gaulle,Zvëzdnyy,Russia,20.36,3/22/2026
AA4623,American Airlines,Hyacinthia,John F. Kennedy International,Vespasiano,Brazil,2:20 AM,Dallas/Fort Worth International,Sundumbili,South Africa,22.38,5/18/2025
NH1537,All Nippon Airways,Ryan,Haneda,El Quiteño,Panama,2:00 PM,Changi,Budapest,Hungary,20.78,7/29/2025
NZ9369,Air New Zealand,Ban,Auckland Airport,Surkhakhi,Russia,2:49 PM,Sydney Airport,Maumere,Indonesia,3.84,8/16/2025
TG4235,Thai Airways,Lucius,Suvarnabhumi,Villa Nueva,Honduras,9:47 AM,Changi,Tangxia,China,18.5,6/20/2025
AM2848,Aeroméxico,Marena,Benito Juárez International,Yunga,Peru,1:53 PM,O'Hare International,Hangou,China,14.21,7/2/2025
BA7496,British Airways,Cherin,Heathrow,Junaynat Raslān,Syria,9:00 PM,Vienna International,Mutang,China,2.42,10/26/2025
QR2154,Qatar Airways,Alasdair,Hamad International,Mitrovicë,Kosovo,6:42 PM,Brisbane Airport,Cuchumbaya,Peru,7.57,2/26/2026
NZ3672,Air New Zealand,Jasmina,Auckland Airport,Litian,China,4:46 AM,Sydney Airport,Ciheras,Indonesia,23.32,11/16/2025
CX1092,Cathay Pacific,Nannette,Hong Kong International,Uście Gorlickie,Poland,3:23 PM,Indira Gandhi International,Valle de Ángeles,Honduras,13.7,7/7/2025
AM7051,Aeroméxico,Ardelis,Benito Juárez International,Ndungu,Tanzania,3:52 AM,O'Hare International,Lac-Brome,Canada,17.52,5/2/2025
AV8092,Avianca,Woodman,El Dorado International,Tongyangdao,China,4:56 AM,O'Hare International,Illapel,Chile,18.19,6/2/2025
NZ8951,Air New Zealand,Lizzie,Auckland Airport,Choros,Peru,6:35 PM,Sydney Airport,Benito Juarez,Mexico,12.82,10/6/2025
AZ7649,Alitalia,Pavel,Leonardo da Vinci International,Hantsavichy,Belarus,11:54 AM,Charles de Gaulle,Manat,Philippines,23.32,5/18/2025
QF1403,Qantas,Hildagarde,Sydney Airport,Altavista,Mexico,6:17 PM,Dallas/Fort Worth International,Venustiano Carranza,Mexico,22.54,9/19/2025
KL5194,KLM Royal Dutch Airlines,Mia,Amsterdam Airport Schiphol,Aromashevo,Russia,1:54 AM,Charles de Gaulle,Tempurejo,Indonesia,21.29,1/21/2026
KL5452,KLM Royal Dutch Airlines,Emmy,Amsterdam Airport Schiphol,Kadujajar,Indonesia,4:18 PM,Charles de Gaulle,Runting,Indonesia,8.79,2/17/2026
EK4332,Emirates,Ken,Dubai International,Dziewin,Poland,3:42 PM,Hamad International,Gaoqiao,China,9.66,12/21/2025
QF7905,Qantas,Clemmie,Sydney Airport,Kořenov,Czech Republic,4:44 AM,Melbourne Airport,Angadanan,Philippines,7.5,12/18/2025
SK9534,SAS Scandinavian,Wilhelm,Copenhagen Airport,Limoeiro,Brazil,9:10 AM,Charles de Gaulle,El Porvenir,Honduras,4.0,12/1/2025
WN3720,Southwest Airlines,Randi,Los Angeles International,Chengxiang,China,2:44 AM,San Francisco International,Manis Mekarwangi,Indonesia,5.56,1/28/2026
WN6726,Southwest Airlines,Barry,Los Angeles International,Huayuan,China,7:36 AM,San Francisco International,Dolní Dunajovice,Czech Republic,20.19,2/22/2026
AZ7862,Alitalia,Sheilakathryn,Leonardo da Vinci International,Oslo,Norway,6:01 PM,Charles de Gaulle,Nanling,China,20.4,11/14/2025
AV4401,Avianca,Rosalyn,El Dorado International,Placencia,Belize,12:43 PM,O'Hare International,Vidzy,Belarus,21.13,6/4/2025
